Pβ2,Pα1,Pβ1,Pα2,P3,ps,pt-wt,ps-wt,V,α,β
0.008923,0.002693,0.004209,0.008251,0.057743,0.007913,0.060432,0.00016800000000000002,10.011648,0.0,0.0
0.006899,0.013132,0.0008400000000000001,-0.0052179999999999995,0.052524,0.0052179999999999995,0.060265,-0.0032010000000000003,10.009739,5.0,0.0
0.001345,0.022387,-0.006902999999999999,-0.017002999999999997,0.04798,0.0013440000000000001,0.056227000000000006,-0.004882,10.041767,10.0,0.0
0.0008400000000000001,0.033163,-0.004711999999999999,-0.023906,0.046800999999999995,0.001683,0.05891999999999999,-0.003032,10.034729,15.0,0.0
-0.004714,0.040907,-0.010268,-0.031813,0.039223999999999995,-0.004378,0.055720000000000006,-0.0052179999999999995,10.013854,20.0,0.0
-0.010605,0.045958,-0.015992,-0.040907,0.031813999999999995,-0.00808,0.054206,-0.0074069999999999995,10.013615,25.0,0.0
-0.016328000000000002,0.051682000000000006,-0.021714,-0.047474,0.020871999999999998,-0.010941,0.056225000000000004,-0.00505,10.02466,30.0,0.0
-0.024242000000000003,0.053869999999999994,-0.028113,-0.056396999999999996,0.010772,-0.01515,0.056732000000000005,-0.004882,10.001586,35.0,0.0
-0.033164,0.054374,-0.037369,-0.063802,-0.000673,-0.019695999999999998,0.056225000000000004,-0.004546,10.044452,40.0,0.0
-0.039390999999999995,0.053534000000000005,-0.046294999999999996,-0.067508,-0.010941000000000001,-0.022894,0.057407,-0.004378,10.043627,45.0,0.0
0.017,0.012962000000000001,0.013636,0.022389,0.20924800000000002,0.011949999999999999,0.21110099999999998,-0.004546,20.054744,0.0,0.0
0.013635,0.049324,0.009596,-0.019191,0.208068,0.010100000000000001,0.210258,-0.005386,20.050529,5.0,0.0
0.007237,0.089724,0.002356,-0.060096000000000004,0.20352200000000004,0.003705,0.20924700000000002,-0.0058909999999999995,20.010613,10.0,0.0
-0.003032,0.126257,-0.008082,-0.094775,0.190898,-0.005722,0.210765,-0.005386,20.054249,15.0,0.0
-0.014982,0.155545,-0.022389,-0.118174,0.16918,-0.018855,0.210596,-0.005555,20.025531,20.0,0.0
-0.036358999999999995,0.17743099999999998,-0.042761,-0.14208,0.141239,-0.033163,0.208067,-0.00505,20.014832,25.0,0.0
-0.061276,0.195947,-0.070198,-0.17642,0.105548,-0.050502000000000005,0.20924800000000002,-0.005386,20.035897,30.0,0.0
-0.09023,0.204698,-0.10218100000000001,-0.20941700000000002,0.065147,-0.065148,0.20924800000000002,-0.005555,20.041323,35.0,0.0
-0.11952,0.21093199999999998,-0.13198000000000001,-0.233487,0.022724,-0.076259,0.213961,-0.002019,20.021699,40.0,0.0
-0.15235,0.20840399999999998,-0.163796,-0.258399,-0.027438,-0.092419,0.21362200000000003,-0.001683,20.008875,45.0,0.0
0.032825,0.0202,0.026090999999999996,0.039390999999999995,0.47337299999999993,0.02104,0.48145299999999996,-0.005723,30.028268000000004,0.0,0.0
0.029459999999999997,0.110262,0.017844,-0.046127,0.473712,0.018518,0.48162099999999997,-0.00421,30.027639,5.0,0.0
0.015486,0.20032299999999997,0.002187,-0.131309,0.465461,0.004882,0.48347299999999993,-0.00505,30.030734000000002,10.0,0.0
-0.002862,0.283314,-0.021547,-0.204868,0.439704,-0.013132,0.483303,-0.002863,29.995974999999998,15.0,0.0
-0.034678,0.354524,-0.053198,-0.270017,0.3956,-0.045115,0.48263300000000003,-0.003706,30.046396000000005,20.0,0.0
-0.070536,0.41058199999999995,-0.088548,-0.32338,0.330621,-0.077943,0.48212700000000003,-0.001177,30.033469000000004,25.0,0.0
-0.12777100000000002,0.450646,-0.15016000000000002,-0.390382,0.248469,-0.110765,0.480274,-0.004042,30.023111,30.0,0.0
-0.19442900000000002,0.474384,-0.21615,-0.457718,0.156727,-0.14443699999999998,0.481788,-0.002357,30.006581,35.0,0.0
-0.267492,0.48061,-0.293925,-0.526567,0.05319700000000001,-0.176251,0.486165,-0.00202,30.042528999999995,40.0,0.0
-0.343076,0.471183,-0.373041,-0.5833,-0.055552000000000004,-0.20167000000000002,0.483137,0.00033600000000000004,29.986933,45.0,0.0
0.060432,0.030972,0.039728,0.064474,0.8422040000000001,0.034678,0.8449,-0.0052179999999999995,40.061003,0.0,0.0
0.053533,0.194768,0.028616999999999997,-0.087032,0.8383330000000001,0.029796,0.842708,-0.00707,40.057814,5.0,0.0
0.025082,0.353511,0.000505,-0.246114,0.819988,0.001177,0.843212,-0.00505,40.05467,10.0,0.0
-0.01431,0.49878999999999996,-0.039728,-0.387183,0.7711650000000001,-0.031813999999999995,0.8467499999999999,-0.0018509999999999998,40.004086,15.0,0.0
-0.069694,0.6221840000000001,-0.099152,-0.500138,0.693055,-0.08349799999999999,0.847086,-0.00219,39.999043,20.0,0.0
-0.136021,0.72908,-0.16328800000000002,-0.589863,0.587338,-0.146794,0.847758,-0.001346,40.002137,25.0,0.0
-0.222716,0.8087060000000001,-0.262609,-0.7011339999999999,0.444921,-0.195441,0.854997,0.0006720000000000001,40.073814,30.0,0.0
-0.342739,0.8465809999999999,-0.378598,-0.821499,0.284324,-0.25436200000000003,0.857522,0.003703,40.068302,35.0,0.0
-0.468492,0.85096,-0.51411,-0.9337819999999999,0.10167699999999999,-0.320855,0.85685,0.005050000000000001,40.040916,40.0,0.0
-0.6077049999999999,0.8422040000000001,-0.6536649999999999,-1.047918,-0.097638,-0.349137,0.8597110000000001,0.007068,40.025321,45.0,0.0
0.08501099999999999,0.044947,0.053868000000000006,0.094101,1.309858,0.04478,1.3135590000000001,-0.019191,50.003268,0.0,0.0
0.072051,0.293586,0.03535,-0.161609,1.304471,0.037539,1.308507,-0.0202,50.030691,5.0,0.0
0.036192999999999996,0.5450860000000001,-0.004379,-0.395264,1.271978,0.006057999999999999,1.308676,-0.017675,49.989965,10.0,0.0
-0.023566999999999998,0.771335,-0.071208,-0.618817,1.19791,-0.048652,1.3101939999999999,-0.013132,50.016271,15.0,0.0
-0.10622100000000001,0.9677910000000001,-0.156219,-0.8039949999999999,1.0721589999999999,-0.13181199999999998,1.309183,-0.0101,50.01724,20.0,0.0
-0.216655,1.13108,-0.25402500000000006,-0.957014,0.9097099999999999,-0.23130299999999998,1.314401,-0.005893,50.003874,25.0,0.0
-0.375734,1.242518,-0.38465699999999997,-1.1147500000000001,0.69272,-0.305538,1.317093,-0.004208999999999999,50.00901,30.0,0.0
-0.534648,1.301271,-0.581952,-1.295211,0.43903,-0.397282,1.318103,-0.001347,50.041558,35.0,0.0
-0.732786,1.317429,-0.7933870000000001,-1.49873,0.151674,-0.503505,1.324334,0.003706,50.02837,40.0,0.0
-0.909037,1.297904,-1.070475,-1.725991,-0.167836,-0.636998,1.324669,0.006899,50.028443,45.0,0.0
-0.034342,0.05471,-0.035686,-0.062625,-0.004882,-0.021714,0.05824700000000001,0.003705,10.082288,45.0,0.0
-0.044947,0.050839999999999996,-0.04579,-0.068683,-0.011951,-0.024914,0.06397,0.0033680000000000003,10.067544,50.0,0.0
-0.053869999999999994,0.04966,-0.053534000000000005,-0.066325,-0.023568,-0.029459999999999997,0.06599,0.004714,10.058772,55.0,0.0
-0.06497800000000001,0.040401,-0.06497800000000001,-0.068852,-0.038043,-0.031478,0.06700199999999999,0.002019,10.058442,60.0,0.0
-0.070199,0.032488,-0.074407,-0.069692,-0.051176,-0.029964,0.066833,0.002356,10.02942,65.0,0.0
-0.07625699999999999,0.022894,-0.08130899999999999,-0.069188,-0.062121,-0.031984,0.066157,0.0025250000000000003,9.990676,70.0,0.0
-0.08534800000000001,0.009260000000000001,-0.09141,-0.07407,-0.072893,-0.034004,0.064474,0.001177,10.057256,75.0,0.0
-0.090566,-0.004378,-0.09595400000000001,-0.077606,-0.082826,-0.044613,0.062624,0.000504,10.047908,80.0,0.0
-0.09023,-0.017339,-0.09646,-0.077776,-0.085852,-0.045619,0.065482,0.001176,10.053145,85.0,0.0
-0.09578400000000001,-0.032321,-0.096291,-0.079962,-0.091073,-0.044442999999999996,0.061276,-0.00101,10.029069,90.0,0.0
-0.150667,0.206046,-0.161776,-0.257559,-0.025923,-0.092251,0.21093199999999998,-0.003033,20.019538,45.0,0.0
-0.196451,0.19426400000000002,-0.189548,-0.270523,-0.079626,-0.138884,0.21110099999999998,0.0,19.993721,50.0,0.0
-0.237696,0.17271799999999998,-0.22120199999999998,-0.272037,-0.13012700000000002,-0.15504199999999999,0.211942,-0.0025250000000000003,20.01497,55.0,0.0
-0.27557299999999996,0.14628800000000003,-0.258739,-0.278769,-0.179786,-0.189212,0.214129,-0.001177,20.026379,60.0,0.0
-0.296617,0.112281,-0.300824,-0.298302,-0.22725999999999996,-0.140735,0.213456,-0.00016800000000000002,20.004571,65.0,0.0
-0.326579,0.071208,-0.33769,-0.296954,-0.273888,-0.13804100000000002,0.21429700000000002,0.0,20.01466,70.0,0.0
-0.35183,0.023737,-0.36546599999999996,-0.26766100000000004,-0.31614200000000003,-0.15554600000000002,0.21446700000000002,0.001513,20.022146,75.0,0.0
-0.371863,-0.026429,-0.38044900000000004,-0.283316,-0.348631,-0.172885,0.21631999999999998,0.001008,20.006058,80.0,0.0
-0.380112,-0.07861599999999999,-0.38465800000000006,-0.281632,-0.368665,-0.18837,0.21631999999999998,0.002187,20.028001,85.0,0.0
-0.371357,-0.132653,-0.363109,-0.276582,-0.376073,-0.176588,0.21615199999999998,0.0013440000000000001,20.019834,90.0,0.0
-0.348631,0.471183,-0.367485,-0.5873389999999999,-0.057407,-0.205037,0.481451,0.00033600000000000004,30.015854,45.0,0.0
-0.461588,0.444587,-0.432632,-0.6534979999999999,-0.179953,-0.328936,0.480274,0.001008,29.974361,50.0,0.0
-0.5454220000000001,0.399642,-0.51007,-0.678746,-0.29695299999999997,-0.353512,0.482798,0.001008,30.031067999999998,55.0,0.0
-0.61764,0.336176,-0.590536,-0.6949059999999999,-0.41445499999999996,-0.383311,0.484316,0.0038740000000000003,30.011934000000004,60.0,0.0
-0.656189,0.253351,-0.700798,-0.617977,-0.514952,-0.288031,0.486165,0.005554,30.035165999999997,65.0,0.0
-0.7255469999999999,0.157904,-0.754331,-0.436674,-0.6077049999999999,-0.303014,0.486166,0.004546,30.012536,70.0,0.0
-0.792546,0.049828000000000004,-0.818805,-0.554682,-0.704504,-0.35906699999999997,0.488692,0.006395,30.013795,75.0,0.0
-0.831598,-0.06296199999999999,-0.8462440000000001,-0.6134310000000001,-0.777731,-0.38448899999999997,0.49020600000000003,0.007743,30.056443,80.0,0.0
-0.849443,-0.18635,-0.838838,-0.607538,-0.830589,-0.383312,0.49020600000000003,0.008251,30.024409,85.0,0.0
-0.820826,-0.304191,-0.802983,-0.6041719999999999,-0.8580270000000001,-0.35553500000000005,0.48986799999999997,0.007911999999999999,30.042257999999997,90.0,0.0
-0.6274029999999999,0.830256,-0.669994,-1.0708119999999999,-0.11430100000000001,-0.37624,0.850286,0.001177,40.05003,45.0,0.0
-0.825708,0.784292,-0.782443,-1.194711,-0.331125,-0.596094,0.8479279999999999,0.002694,39.970239,50.0,0.0
-0.915938,0.7085440000000001,-0.9671139999999999,-1.222823,-0.525726,-0.413107,0.849611,0.006227,40.011134,55.0,0.0
-1.03849,0.59929,-1.113908,-1.100776,-0.722349,-0.46057800000000004,0.8538180000000001,0.006732,39.979665,60.0,0.0
-1.139663,0.448794,-1.266085,-1.118115,-0.9176219999999999,-0.593565,0.8587009999999999,0.010603999999999999,40.047742,65.0,0.0
-1.256488,0.276918,-1.375846,-1.122156,-1.090676,-0.590031,0.856512,0.012962000000000001,39.970326,70.0,0.0
-1.382577,0.08332999999999999,-1.467589,-1.1012819999999999,-1.250599,-0.609559,0.858028,0.013805999999999999,39.96526,75.0,0.0
-1.4876200000000002,-0.120529,-1.524319,-1.0937059999999998,-1.385608,-0.673696,0.862067,0.014645,40.020882,80.0,0.0
-1.518596,-0.327085,-1.5253299999999999,-1.05061,-1.486612,-0.682618,0.863921,0.016833,40.045325,85.0,0.0
-1.481898,-0.53852,-1.4431800000000001,-1.032935,-1.557987,-0.637338,0.866277,0.019191,40.166769,90.0,0.0
-0.977046,1.2960509999999998,-1.057681,-1.7756530000000001,-0.193757,-0.639187,1.3231540000000002,0.000504,49.975504,45.0,0.0
-1.262718,1.223495,-1.242855,-1.9168889999999998,-0.515794,-0.8649290000000001,1.330897,0.0038710000000000003,50.043006,50.0,0.0
-1.405472,1.096902,-1.452774,-1.7573029999999998,-0.806518,-0.8521369999999999,1.32669,0.004714,50.020746,55.0,0.0
-1.53358,0.9317629999999999,-1.5977169999999998,-1.362041,-1.058858,-0.911729,1.326184,0.004209,50.038786,60.0,0.0
-1.736598,0.705514,-1.774474,-1.283762,-1.345205,-0.960379,1.331907,0.008922000000000001,50.065471,65.0,0.0
-1.964699,0.43128500000000003,-2.036243,-1.528864,-1.661854,-0.933279,1.334263,0.012456,50.038336,70.0,0.0
-2.172766,0.127939,-2.262659,-1.646199,-1.9576280000000001,-0.9322670000000001,1.339483,0.017002,50.03962,75.0,0.0
-2.311647,-0.19156900000000002,-2.3702300000000003,-1.684579,-2.184551,-0.9935409999999999,1.335273,0.016833,50.020481,80.0,0.0
-2.345314,-0.51327,-2.360632,-1.6133739999999999,-2.3404309999999997,-1.016775,1.3384719999999999,0.018348999999999997,50.031069,85.0,0.0
-2.301042,-0.832611,-2.2621539999999998,-1.556137,-2.442615,-0.954658,1.339818,0.01936,50.00468,90.0,0.0
0.012456,0.006227,-0.004714,0.002863,0.055215,0.003031,0.052523,0.006057999999999999,10.011407,0.0,-5.0
0.015486,0.016497,-0.0016840000000000002,-0.004378,0.061612,0.003535,0.055216,0.008924,10.017451,5.0,-5.0
0.015823,0.023905000000000003,-0.005051,-0.01431,0.058414999999999995,0.0008400000000000001,0.055721,0.007744000000000001,10.026687,10.0,-5.0
0.012288,0.03754,-0.0074069999999999995,-0.024241000000000002,0.05302900000000001,0.0016820000000000001,0.05891999999999999,0.006564,10.071486,15.0,-5.0
0.004546,0.041244,-0.013804,-0.03451,0.042255,-0.004041,0.054037999999999996,0.002019,10.053218,20.0,-5.0
0.001345,0.048146,-0.017001,-0.041918,0.035351,-0.004546,0.055889,0.00606,10.011426,25.0,-5.0
-0.009428,0.052692,-0.026090000000000002,-0.051344999999999995,0.024578,-0.009764,0.054374,0.0032010000000000003,10.053328,30.0,-5.0
-0.015823,0.05588800000000001,-0.029796,-0.055719000000000005,0.016326,-0.01431,0.05555,0.004041,10.032649,35.0,-5.0
-0.024578,0.055047,-0.039728,-0.061951,0.0032,-0.016328000000000002,0.055047,0.002863,10.025026,40.0,-5.0
-0.036022,0.051175000000000005,-0.05083800000000001,-0.069524,-0.013805000000000001,-0.021545,0.05184999999999999,0.001008,10.035991,45.0,-5.0
0.057069,0.013300000000000001,-0.025754,0.012287000000000001,0.210596,0.008418,0.20891,0.002863,20.050966,0.0,-5.0
0.054879,0.054374,-0.029292000000000002,-0.026091999999999997,0.209923,0.006227,0.208911,0.002863,20.004302,5.0,-5.0
0.046969,0.092252,-0.036695,-0.06497800000000001,0.202346,-0.0025250000000000003,0.20773000000000003,0.002694,20.036076,10.0,-5.0
0.035014,0.128444,-0.04276100000000001,-0.09747,0.189718,-0.008081,0.20857299999999998,0.00421,20.033757,15.0,-5.0
0.01936,0.15622,-0.054206,-0.12221299999999999,0.1675,-0.023569,0.208069,0.002356,20.037051,20.0,-5.0
-0.002187,0.18046,-0.073902,-0.149319,0.136021,-0.035855,0.207394,0.004714,20.001206,25.0,-5.0
-0.029291,0.19696,-0.098984,-0.185678,0.100665,-0.052357,0.208068,0.006901,20.017866,30.0,-5.0
-0.062119999999999995,0.206046,-0.125078,-0.21648900000000001,0.056731,-0.066832,0.207899,0.007405,20.038857,35.0,-5.0
-0.098816,0.209754,-0.15756799999999999,-0.240727,0.012625,-0.07979299999999999,0.207899,0.008924,20.005021,40.0,-5.0
-0.13804,0.20369,-0.19022,-0.26513400000000004,-0.03451,-0.09309400000000001,0.208741,0.009764,20.039906,45.0,-5.0
0.12676300000000001,0.026090000000000002,-0.059762,0.022894,0.474047,0.01431,0.476738,0.002694,30.106984,0.0,-5.0
0.12002399999999999,0.11463799999999999,-0.067338,-0.066158,0.46967,0.007238,0.47640099999999996,0.002187,30.096583,5.0,-5.0
0.10470600000000001,0.20469900000000002,-0.084507,-0.156053,0.45485499999999995,-0.003706,0.476232,0.0031980000000000003,30.052850999999997,10.0,-5.0
0.076426,0.285333,-0.106051,-0.225578,0.422194,-0.026091999999999997,0.476738,0.00421,30.023117000000003,15.0,-5.0
0.041413,0.35654399999999997,-0.13029600000000002,-0.276582,0.375232,-0.054374,0.47539299999999995,0.003366,29.98869,20.0,-5.0
-0.004714,0.41192799999999996,-0.171537,-0.33735299999999996,0.314798,-0.084339,0.47421499999999994,0.004209,30.006376999999997,25.0,-5.0
-0.069695,0.449468,-0.225914,-0.40368000000000004,0.23399299999999998,-0.11867799999999999,0.476065,0.005386,29.918289000000005,30.0,-5.0
-0.141238,0.47051,-0.28887399999999996,-0.47673899999999997,0.134503,-0.151677,0.47775,0.0063939999999999995,30.027861,35.0,-5.0
-0.21934800000000002,0.474383,-0.355872,-0.5415530000000001,0.031141000000000002,-0.178608,0.479265,0.007913,30.005919999999996,40.0,-5.0
-0.303014,0.465461,-0.433643,-0.597944,-0.077437,-0.210427,0.48246199999999995,0.009932,30.007673,45.0,-5.0
0.22406,0.040739,-0.116658,0.033499999999999995,0.839175,0.026258999999999998,0.8393459999999999,-0.00202,40.088071,0.0,-5.0
0.211774,0.200324,-0.130971,-0.129454,0.83076,0.015318000000000002,0.8369859999999999,-0.003032,39.995703,5.0,-5.0
0.179618,0.356039,-0.164805,-0.280285,0.7999539999999999,-0.012456,0.8371549999999999,-0.000673,40.022439,10.0,-5.0
0.134166,0.509061,-0.199818,-0.415798,0.7457480000000001,-0.052524,0.8411950000000001,0.0018520000000000001,40.051621,15.0,-5.0
0.065483,0.628582,-0.24527000000000002,-0.525726,0.664773,-0.10167600000000002,0.8401859999999999,0.002694,40.031829,20.0,-5.0
-0.014646999999999999,0.725379,-0.304022,-0.615113,0.551651,-0.163123,0.8417,0.004042,40.014439,25.0,-5.0
-0.11631900000000002,0.791705,-0.40671,-0.732786,0.41058199999999995,-0.22019000000000002,0.84254,0.004545,39.959333,30.0,-5.0
-0.246617,0.826215,-0.5186550000000001,-0.852474,0.23803199999999997,-0.27860300000000005,0.841196,0.005219,40.019637,35.0,-5.0
-0.390382,0.8348000000000001,-0.638514,-0.9740169999999999,0.051344,-0.33061799999999997,0.844055,0.008419,40.000347,40.0,-5.0
-0.534985,0.819313,-0.774868,-1.090508,-0.141913,-0.365467,0.8507899999999999,0.013299,40.02734,45.0,-5.0
0.348461,0.060434999999999996,-0.194768,0.041918,1.299083,0.038381,1.306152,0.00033600000000000004,50.013649,0.0,-5.0
0.332471,0.316145,-0.214636,-0.206216,1.292178,0.016494,1.308676,0.0,50.035608,5.0,-5.0
0.28247300000000003,0.55973,-0.263451,-0.44744700000000004,1.250937,-0.023232,1.308846,0.002356,50.002151,10.0,-5.0
0.207057,0.783284,-0.325569,-0.668478,1.162053,-0.086865,1.309014,-0.00033600000000000004,50.025428,15.0,-5.0
0.100163,0.975362,-0.392233,-0.864592,1.0299070000000001,-0.165479,1.3110339999999998,0.003032,50.031336,20.0,-5.0
-0.048652,1.125016,-0.450647,-1.037986,0.8543240000000001,-0.252846,1.311034,0.0008420000000000001,50.020713,25.0,-5.0
-0.23752900000000002,1.2298930000000001,-0.576398,-1.2378069999999999,0.627572,-0.339879,1.31053,0.001512,49.981057,30.0,-5.0
-0.430274,1.290666,-0.762243,-1.405303,0.36815699999999996,-0.441723,1.312716,0.003705,49.995668,35.0,-5.0
-0.604004,1.294705,-1.02216,-1.5866060000000002,0.073734,-0.543234,1.311538,0.00589,50.018143,40.0,-5.0
-0.797091,1.2600259999999999,-1.283427,-1.765887,-0.23820000000000002,-0.7593810000000001,1.314908,0.010268,50.012185,45.0,-5.0
-0.032657000000000005,0.059424,-0.044778,-0.060939,-0.004881999999999999,-0.025754,0.058584000000000004,0.001008,10.04352,45.0,-5.0
-0.042257,0.054037999999999996,-0.052356,-0.06717100000000001,-0.019527999999999997,-0.027271,0.059424,-0.00033600000000000004,10.022098,50.0,-5.0
-0.055214000000000006,0.046969,-0.058079000000000006,-0.067508,-0.033499,-0.031981,0.058248,-0.001513,9.998698,55.0,-5.0
-0.06582099999999999,0.038887,-0.068516,-0.07120699999999999,-0.045957,-0.034846,0.055721,-0.002862,10.012088,60.0,-5.0
-0.072893,0.029796,-0.07912,-0.072051,-0.058584000000000004,-0.035518,0.055047,-0.0016840000000000002,10.011943,65.0,-5.0
-0.08215199999999999,0.018686,-0.086864,-0.073902,-0.07221999999999999,-0.038717,0.054542,-0.0028640000000000002,9.923403,70.0,-5.0
-0.089894,0.00909,-0.09242,-0.073903,-0.08147599999999999,-0.03838,0.056396,-0.000673,10.023695,75.0,-5.0
-0.09443900000000001,-0.00522,-0.096459,-0.076428,-0.09006099999999999,-0.047642000000000004,0.054374,-0.004042,9.99629,80.0,-5.0
-0.097974,-0.018181,-0.09982500000000001,-0.078279,-0.095616,-0.047812,0.054542,-0.004714,10.021881,85.0,-5.0
-0.097638,-0.031477,-0.09696400000000001,-0.07844799999999999,-0.097468,-0.046799999999999994,0.054206,-0.00505,10.050366,90.0,-5.0
-0.137032,0.214634,-0.18904400000000002,-0.265133,-0.033500999999999996,-0.096458,0.21531000000000003,-0.001347,20.115891,45.0,-5.0
-0.190727,0.201502,-0.209754,-0.27826500000000004,-0.08888399999999999,-0.148982,0.21429700000000002,0.00033600000000000004,20.081261,50.0,-5.0
-0.23029000000000002,0.179281,-0.23921099999999998,-0.277425,-0.137537,-0.163795,0.21429900000000002,0.001345,20.083914,55.0,-5.0
-0.266986,0.153023,-0.270015,-0.28803199999999995,-0.189885,-0.187024,0.21598100000000003,0.0025250000000000003,20.034442,60.0,-5.0
-0.29459799999999997,0.114639,-0.315132,-0.301498,-0.238368,-0.133831,0.215814,0.002862,20.015249,65.0,-5.0
-0.32405300000000004,0.073734,-0.349811,-0.29409199999999996,-0.282306,-0.14208099999999999,0.216488,0.002188,20.057564,70.0,-5.0
-0.352502,0.024409,-0.367486,-0.27338300000000004,-0.32052,-0.15958699999999998,0.216824,0.002863,20.028272,75.0,-5.0
-0.37371600000000005,-0.027268999999999998,-0.377588,-0.279612,-0.348631,-0.177093,0.21665600000000002,0.003706,19.996334,80.0,-5.0
-0.375904,-0.076596,-0.375734,-0.273214,-0.367147,-0.182143,0.21850399999999998,0.00589,20.05413,85.0,-5.0
-0.37337800000000004,-0.134167,-0.36176200000000003,-0.273889,-0.37843,-0.174903,0.218336,0.004714,20.049202,90.0,-5.0
-0.305369,0.46798799999999996,-0.43381100000000006,-0.6019829999999999,-0.076428,-0.211267,0.48465199999999997,0.001009,30.043164,45.0,-5.0
-0.42690900000000004,0.435832,-0.477076,-0.662755,-0.20183900000000002,-0.33432199999999995,0.48162000000000005,0.00016800000000000002,29.970208000000003,50.0,-5.0
-0.5164660000000001,0.390719,-0.549462,-0.685984,-0.317152,-0.3589,0.48465199999999997,0.0016810000000000002,30.073912,55.0,-5.0
-0.59424,0.325403,-0.618816,-0.6920439999999999,-0.43095,-0.386175,0.485661,0.003032,30.000421,60.0,-5.0
-0.638854,0.24645,-0.720666,-0.6154499999999999,-0.5257240000000001,-0.29089299999999996,0.48549299999999995,0.00505,30.038463,65.0,-5.0
-0.717804,0.154536,-0.772005,-0.45334,-0.6183099999999999,-0.312103,0.485828,0.0063950000000000005,30.049462999999996,70.0,-5.0
-0.786317,0.045115,-0.8250350000000001,-0.486503,-0.7141,-0.340047,0.48667,0.010100000000000001,30.010883999999997,75.0,-5.0
-0.8292439999999999,-0.071883,-0.8534839999999999,-0.6110749999999999,-0.7880010000000001,-0.367823,0.48566000000000004,0.010268000000000001,29.984114999999996,80.0,-5.0
-0.853652,-0.187025,-0.833283,-0.601814,-0.8395110000000001,-0.40031300000000003,0.48549299999999995,0.010606,30.065874,85.0,-5.0
-0.8172919999999999,-0.30099400000000004,-0.8023089999999999,-0.591715,-0.8587009999999999,-0.353178,0.486165,0.009930999999999999,30.027007000000005,90.0,-5.0
-0.534311,0.8257099999999999,-0.7681330000000001,-1.082259,-0.140398,-0.368663,0.849611,0.006562,39.988456,45.0,-5.0
-0.6652799999999999,0.770325,-0.967957,-1.208853,-0.353848,-0.614102,0.850284,0.007575999999999999,39.999026,50.0,-5.0
-0.901292,0.696086,-0.9881550000000001,-1.246389,-0.556535,-0.607369,0.854829,0.012625,39.996427,55.0,-5.0
-0.996573,0.57505,-1.142525,-1.083606,-0.73548,-0.45350900000000005,0.8561780000000001,0.012962000000000001,40.044058,60.0,-5.0
-1.11694,0.43229500000000004,-1.276694,-0.941863,-0.918296,-0.54475,0.8612270000000001,0.01515,40.032633,65.0,-5.0
-1.247233,0.25671900000000003,-1.401095,-1.140841,-1.109027,-0.58111,0.8640869999999999,0.016326,40.090007,70.0,-5.0
-1.3600210000000001,0.06548499999999999,-1.459848,-1.102796,-1.250935,-0.633126,0.863751,0.018348999999999997,39.996617,75.0,-5.0
-1.473985,-0.131309,-1.515902,-1.071149,-1.3802210000000001,-0.6427229999999999,0.864593,0.018181,40.039129,80.0,-5.0
-1.496712,-0.340382,-1.488631,-1.0315889999999999,-1.479877,-0.651645,0.865771,0.017169999999999998,40.03753,85.0,-5.0
-1.459845,-0.542562,-1.4187699999999999,-1.0182879999999999,-1.548394,-0.603161,0.865772,0.01515,40.05288,90.0,-5.0
-0.790359,1.26676,-1.279724,-1.764708,-0.22742899999999996,-0.7654430000000001,1.3192819999999998,-0.002188,49.98996,45.0,-5.0
-1.15616,1.1974040000000001,-1.3603580000000002,-1.946687,-0.557712,-0.883618,1.319451,0.0018500000000000003,49.998802,50.0,-5.0
-1.3117079999999999,1.078556,-1.461361,-1.5504120000000001,-0.796584,-0.775542,1.3241640000000001,0.0052179999999999995,50.017131,55.0,-5.0
-1.477522,0.9012929999999999,-1.617077,-1.2953759999999999,-1.066602,-0.897589,1.3324120000000002,0.010267,50.050357,60.0,-5.0
-1.689461,0.6782429999999999,-1.8015750000000001,-1.302953,-1.366419,-0.9213239999999999,1.328878,0.014477,50.003469,65.0,-5.0
-1.929851,0.404354,-2.061156,-1.5241529999999999,-1.676668,-0.894054,1.337124,0.01936,50.031057,70.0,-5.0
-2.150544,0.107568,-2.267878,-1.659835,-1.962678,-0.914591,1.341503,0.022387,50.045034,75.0,-5.0
-2.284712,-0.205206,-2.345146,-1.647713,-2.171755,-0.9610540000000001,1.3409980000000001,0.025756,50.014488,80.0,-5.0
-2.346829,-0.52118,-2.319896,-1.578693,-2.3261220000000002,-0.981592,1.341502,0.027775,50.003579,85.0,-5.0
-2.292117,-0.833956,-2.25441,-1.526002,-2.417867,-0.931424,1.33982,0.026932,50.001867,90.0,-5.0
0.026764,0.004377,-0.012121,0.0033669999999999998,0.05067000000000001,0.001512,0.054374,0.0008400000000000001,10.075583,0.0,-10.0
0.025082,0.016326,-0.013637,-0.004546,0.049324,0.000504,0.054878,-0.001009,10.041658,5.0,-10.0
0.018519,0.023569,-0.016665,-0.019024,0.039561,-0.004041,0.04966,-0.0032010000000000003,10.244262,10.0,-10.0
0.016159,0.034172999999999995,-0.019697,-0.027271,0.038548,-0.005386,0.049324,-0.005387,9.958232,15.0,-10.0
0.006900000000000001,0.036864999999999995,-0.02525,-0.036022,0.027944000000000004,-0.011276999999999999,0.043266000000000006,-0.008588,10.064146,20.0,-10.0
0.00016800000000000002,0.04461,-0.029292000000000002,-0.043938,0.021545,-0.012962999999999999,0.044779,-0.006059,10.059747,25.0,-10.0
-0.006564,0.047979,-0.034509,-0.051007000000000004,0.013131,-0.017844,0.044779,-0.006057999999999999,10.051676,30.0,-10.0
-0.014815,0.050503,-0.040908,-0.057744,0.002188,-0.020368999999999998,0.045114,-0.00606,10.216354,35.0,-10.0
-0.023906,0.05302900000000001,-0.046294999999999996,-0.061614,-0.009596,-0.025082,0.046632,-0.005554,10.038158,40.0,-10.0
-0.033333,0.051512,-0.051008,-0.067001,-0.020704,-0.027944000000000004,0.046464,-0.004378,9.994372,45.0,-10.0
0.089556,0.004714,-0.065315,0.001178,0.197968,-0.006228,0.202847,-0.006901,20.065718,0.0,-10.0
0.086526,0.044273,-0.067338,-0.035518,0.195947,-0.007913,0.203858,-0.005555,20.057624,5.0,-10.0
0.07726999999999999,0.080972,-0.070198,-0.071882,0.186522,-0.014478,0.202346,-0.0026939999999999998,20.023386,10.0,-10.0
0.065651,0.117837,-0.076259,-0.10117000000000001,0.173728,-0.0234,0.20537200000000003,-0.00016900000000000002,20.137162,15.0,-10.0
0.047472,0.148476,-0.089557,-0.122718,0.153022,-0.033499999999999995,0.205708,0.001176,20.025018,20.0,-10.0
0.022387,0.170698,-0.106894,-0.157231,0.125584,-0.045283000000000004,0.20638199999999998,-0.00016800000000000002,20.053013,25.0,-10.0
-0.008419,0.19174,-0.13029700000000002,-0.19089499999999998,0.086526,-0.061276,0.205876,0.001008,19.999194,30.0,-10.0
-0.04293,0.20268199999999997,-0.156222,-0.22036099999999997,0.044441999999999995,-0.07457499999999999,0.20638199999999998,0.001178,20.010315,35.0,-10.0
-0.080128,0.205034,-0.180963,-0.24712399999999998,-0.002358,-0.088212,0.208068,0.002356,20.008334,40.0,-10.0
-0.12221299999999999,0.20183900000000002,-0.211269,-0.268332,-0.048987,-0.09847900000000001,0.20874199999999998,0.0031980000000000003,20.03444,45.0,-10.0
0.209923,0.006730999999999999,-0.148476,0.006226,0.453337,-0.008419,0.468494,-0.0018520000000000001,30.192705999999998,0.0,-10.0
0.20184000000000002,0.097133,-0.154032,-0.08417,0.44306900000000005,-0.012289,0.46529299999999996,-0.002694,30.04113,5.0,-10.0
0.18281799999999998,0.182986,-0.16278399999999998,-0.164805,0.42455300000000007,-0.026934999999999997,0.46546199999999993,-0.000673,30.012853,10.0,-10.0
0.15235,0.268668,-0.184499,-0.240726,0.3956,-0.044274,0.467483,0.0,30.084026,15.0,-10.0
0.10992500000000001,0.335504,-0.200827,-0.290052,0.343918,-0.073902,0.46529299999999996,0.0,29.995839,20.0,-10.0
0.057573,0.392064,-0.240053,-0.351325,0.282978,-0.101675,0.466807,0.001345,29.994421,25.0,-10.0
-0.01027,0.42876200000000003,-0.294766,-0.415633,0.20537100000000003,-0.13517700000000002,0.466472,0.002694,29.986676,30.0,-10.0
-0.08652699999999999,0.45014199999999993,-0.351997,-0.48061299999999996,0.110934,-0.167836,0.467652,0.0025250000000000003,29.975361,35.0,-10.0
-0.171033,0.457552,-0.41630500000000004,-0.546938,0.003873,-0.19173800000000002,0.46933400000000003,0.0033680000000000003,30.008395,40.0,-10.0
-0.273215,0.44525899999999996,-0.468661,-0.609389,-0.10504200000000001,-0.21598199999999998,0.46967,0.005722,30.016368,45.0,-10.0
0.367147,0.005387,-0.270185,0.00033600000000000004,0.806014,-0.012625999999999998,0.833285,-0.010268,40.064769,0.0,-10.0
0.352838,0.166321,-0.285167,-0.163122,0.794905,-0.021379000000000002,0.8300850000000001,-0.011783,40.048304,5.0,-10.0
0.320857,0.325571,-0.307052,-0.30772499999999997,0.758709,-0.04966,0.8278969999999999,-0.0101,40.001836,10.0,-10.0
0.264799,0.46714599999999995,-0.340215,-0.440546,0.693561,-0.082823,0.8240259999999999,-0.010603999999999999,39.991268,15.0,-10.0
0.191909,0.591884,-0.371527,-0.535995,0.613935,-0.13585200000000003,0.826718,-0.00825,39.967463,20.0,-10.0
0.099658,0.689183,-0.427921,-0.645586,0.502494,-0.183995,0.8309279999999999,-0.005386,40.026069,25.0,-10.0
-0.01616,0.757194,-0.528083,-0.766115,0.362771,-0.24510200000000001,0.833956,-0.004042,40.066145,30.0,-10.0
-0.15706199999999998,0.797259,-0.6314439999999999,-0.884796,0.196116,-0.30890300000000004,0.836651,-0.002189,40.075672,35.0,-10.0
-0.306045,0.8073589999999999,-0.739519,-0.9933759999999999,0.013973,-0.34442399999999995,0.840018,0.001176,40.022261,40.0,-10.0
-0.480948,0.788,-0.8546630000000001,-1.13293,-0.176755,-0.416978,0.8422040000000001,0.003705,40.021532,45.0,-10.0
0.579596,0.01414,-0.42017800000000005,0.00016900000000000002,1.261373,-0.010942,1.303459,-0.005556,50.041483,0.0,-10.0
0.560572,0.269343,-0.44576399999999994,-0.24712300000000004,1.242013,-0.025924000000000003,1.300093,-0.005554,50.042998,5.0,-10.0
0.506198,0.5080530000000001,-0.488523,-0.48330700000000004,1.188986,-0.07306199999999999,1.300094,-0.003705,50.049495,10.0,-10.0
0.41883,0.7369939999999999,-0.534311,-0.709219,1.100773,-0.12137,1.302783,-0.000504,50.058386,15.0,-10.0
0.29325,0.926375,-0.565791,-0.915265,0.960046,-0.201671,1.304302,0.0016820000000000001,49.988281,20.0,-10.0
0.13551600000000003,1.077881,-0.63178,-1.081248,0.786315,-0.28567299999999995,1.305984,0.003032,50.051571,25.0,-10.0
-0.039390999999999995,1.18242,-0.797931,-1.272147,0.564611,-0.389203,1.3074970000000001,0.007238,49.995243,30.0,-10.0
-0.21665600000000002,1.233764,-1.0285600000000001,-1.4345940000000001,0.30183499999999996,-0.48195899999999997,1.3048030000000002,0.0058909999999999995,49.959424,35.0,-10.0
-0.434486,1.244707,-1.236459,-1.6074819999999999,0.013636,-0.6501319999999999,1.311538,0.007744000000000001,50.017486,40.0,-10.0
-0.6873319999999999,1.212218,-1.413553,-1.7958539999999998,-0.288199,-0.771501,1.3147389999999999,0.013131,49.997035,45.0,-10.0
-0.028619,0.051680000000000004,-0.049492,-0.064137,-0.002356,-0.025586000000000005,0.058414999999999995,0.0032,10.063738,45.0,-10.0
-0.040065,0.050165,-0.060098,-0.06599,-0.015654,-0.026934000000000003,0.058584000000000004,-0.000337,10.025167,50.0,-10.0
-0.052188,0.046461999999999996,-0.06498,-0.06817999999999999,-0.029964,-0.032153,0.056394999999999994,0.0,9.998781,55.0,-10.0
-0.062457,0.03956,-0.07289399999999999,-0.069356,-0.04209,-0.035518,0.056731,-0.0008410000000000001,10.070804,60.0,-10.0
-0.071378,0.031476000000000004,-0.08248899999999999,-0.07087099999999999,-0.055047,-0.036863999999999994,0.056732000000000005,-0.000505,10.059748,65.0,-10.0
-0.07996,0.017843,-0.089388,-0.071547,-0.067674,-0.038379,0.055383,0.0,10.040421,70.0,-10.0
-0.09023,0.0038740000000000003,-0.097302,-0.074912,-0.07844799999999999,-0.041750999999999996,0.05471,-0.002696,10.050242,75.0,-10.0
-0.097807,-0.009932,-0.10150700000000001,-0.07861599999999999,-0.08652699999999999,-0.048314,0.053869999999999994,-0.003031,10.062151,80.0,-10.0
-0.101844,-0.023569,-0.100163,-0.08097099999999999,-0.09140899999999999,-0.049493,0.053198,-0.003705,10.039437,85.0,-10.0
-0.09932,-0.033837,-0.09949,-0.080466,-0.090735,-0.047306,0.054374,-0.004378,10.013532,90.0,-10.0
-0.125078,0.195441,-0.211942,-0.270353,-0.039054,-0.10134000000000001,0.208237,-0.0032,19.993375,45.0,-10.0
-0.17574499999999998,0.184835,-0.230123,-0.286178,-0.089557,-0.14814100000000002,0.21026099999999998,-0.0026950000000000003,20.016691,50.0,-10.0
-0.224736,0.166659,-0.25469600000000003,-0.289716,-0.137704,-0.17137,0.21295000000000003,-0.0016820000000000001,20.012457,55.0,-10.0
-0.26446000000000003,0.139553,-0.284493,-0.29981599999999997,-0.187529,-0.193589,0.21429800000000002,-0.000673,20.06941,60.0,-10.0
-0.294934,0.103528,-0.327253,-0.308906,-0.234836,-0.1441,0.214972,-0.00016800000000000002,20.024332,65.0,-10.0
-0.32489599999999996,0.061443000000000005,-0.355869,-0.298299,-0.282138,-0.148814,0.21446700000000002,0.00016800000000000002,19.972679,70.0,-10.0
-0.355703,0.015822,-0.37455800000000006,-0.292408,-0.31765699999999997,-0.167499,0.21295100000000003,-0.00016900000000000002,20.000633,75.0,-10.0
-0.374053,-0.031983,-0.388361,-0.283315,-0.349641,-0.184331,0.214635,0.00033600000000000004,20.038671,80.0,-10.0
-0.378091,-0.08332999999999999,-0.372537,-0.27776,-0.36698,-0.185005,0.214804,0.001345,20.017486,85.0,-10.0
-0.375231,-0.135683,-0.36462300000000003,-0.279107,-0.37590500000000004,-0.17540899999999998,0.21547900000000003,0.00033600000000000004,19.990394,90.0,-10.0
-0.26732300000000003,0.45401100000000005,-0.483642,-0.621173,-0.08669600000000001,-0.21665600000000002,0.4828,-0.00016800000000000002,30.065914,45.0,-10.0
-0.40048200000000006,0.42775100000000005,-0.524211,-0.687499,-0.206721,-0.329947,0.482294,0.0006720000000000001,30.079762,50.0,-10.0
-0.49929700000000005,0.3786,-0.5896950000000001,-0.709219,-0.326075,-0.368833,0.481956,0.0018500000000000003,30.071684999999995,55.0,-10.0
-0.585992,0.313282,-0.6509729999999999,-0.708207,-0.43499,-0.396611,0.48077800000000004,0.0025250000000000003,30.12183,60.0,-10.0
-0.6319509999999999,0.23180499999999998,-0.744904,-0.618312,-0.5295989999999999,-0.300657,0.48431499999999994,0.006059,30.024971,65.0,-10.0
-0.7146049999999999,0.141241,-0.790358,-0.50704,-0.618648,-0.327083,0.48566000000000004,0.006226,30.024608,70.0,-10.0
-0.790359,0.03535,-0.8408580000000001,-0.561582,-0.710902,-0.352842,0.48650099999999996,0.006899,30.054395,75.0,-10.0
-0.8385,-0.07878399999999999,-0.865267,-0.617977,-0.791033,-0.382301,0.489365,0.007406,30.058575,80.0,-10.0
-0.847592,-0.19561,-0.848939,-0.6104,-0.836312,-0.387688,0.4893660000000001,0.008418,30.035171,85.0,-10.0
-0.8263820000000001,-0.307556,-0.809043,-0.5945769999999999,-0.861228,-0.35536599999999996,0.48986999999999997,0.007575,30.051732000000005,90.0,-10.0
-0.468661,0.8014699999999999,-0.8644259999999999,-1.124345,-0.16733099999999998,-0.397618,0.856177,0.003031,40.078664,45.0,-10.0
-0.694231,0.7561850000000001,-0.9285629999999999,-1.252786,-0.37270600000000004,-0.576735,0.854999,0.00589,39.97014,50.0,-10.0
-0.8257070000000001,0.675886,-1.071822,-1.200603,-0.559731,-0.46495600000000004,0.8580260000000001,0.009764,39.991882,55.0,-10.0
-0.983949,0.565454,-1.182252,-1.0889929999999999,-0.756858,-0.47202700000000003,0.8647600000000001,0.011949,40.138413,60.0,-10.0
-1.105322,0.41731300000000005,-1.307668,-0.96038,-0.9326019999999999,-0.531281,0.8659399999999999,0.013636,40.027994,65.0,-10.0
-1.24336,0.247965,-1.427354,-1.154813,-1.119125,-0.585488,0.8659399999999999,0.01599,40.096556,70.0,-10.0
-1.370629,0.057909,-1.4925039999999998,-1.118284,-1.266085,-0.613261,0.864593,0.017506,39.997658,75.0,-10.0
-1.471126,-0.136864,-1.5157349999999998,-1.07317,-1.388806,-0.670162,0.865772,0.019022999999999998,39.986842,80.0,-10.0
-1.505466,-0.338193,-1.5083280000000001,-1.034451,-1.483751,-0.649625,0.870149,0.020537,40.004949,85.0,-10.0
-1.4475580000000001,-0.536162,-1.4192740000000001,-1.014081,-1.5425010000000001,-0.605518,0.870654,0.022387,40.018732,90.0,-10.0
-0.683797,1.236965,-1.409342,-1.812014,-0.264292,-0.7711650000000001,1.332244,0.008082,50.018595,45.0,-10.0
-1.063069,1.169121,-1.468769,-1.991967,-0.5822890000000001,-0.9009560000000001,1.334095,0.008081000000000001,49.983637,50.0,-10.0
-1.235448,1.048591,-1.495702,-1.4810560000000002,-0.806855,-0.75854,1.3312329999999999,0.007069000000000001,49.977287,55.0,-10.0
-1.430217,0.87116,-1.6642109999999999,-1.354969,-1.092023,-0.9066789999999999,1.3271929999999998,0.009762999999999999,50.001113,60.0,-10.0
-1.662527,0.650299,-1.850395,-1.3218070000000002,-1.3869529999999999,-0.915264,1.333591,0.013132,50.00565,65.0,-10.0
-1.921265,0.384322,-2.120748,-1.58425,-1.697881,-0.9225030000000001,1.336957,0.012287000000000001,50.011536,70.0,-10.0
-2.148359,0.093764,-2.287406,-1.6906400000000001,-1.979173,-0.960885,1.339987,0.018181999999999997,49.999881,75.0,-10.0
-2.3087860000000004,-0.21413000000000001,-2.378479,-1.665558,-2.1880859999999998,-1.0026350000000002,1.341671,0.022725000000000002,50.041141,80.0,-10.0
-2.3355509999999997,-0.525389,-2.359623,-1.590141,-2.344302,-0.9802440000000001,1.342512,0.022894,50.033745,85.0,-10.0
-2.320907,-0.834462,-2.211821,-1.543174,-2.430159,-0.92789,1.344196,0.02222,50.019083,90.0,-10.0
0.029626999999999997,0.00101,-0.025923,-0.004715,0.040402,-0.007575999999999999,0.055720000000000006,-0.004378,10.03382,0.0,-15.0
0.029964,0.011612,-0.027608,-0.010435999999999999,0.04259400000000001,-0.0052179999999999995,0.055551,-0.003705,10.118859,5.0,-15.0
0.025587,0.020538,-0.028448,-0.019022999999999998,0.034845,-0.009932,0.053534000000000005,-0.004208,10.0286,10.0,-15.0
0.022894,0.031308,-0.030469999999999997,-0.029124,0.033162000000000004,-0.008755,0.052524,-0.004714,10.072932,15.0,-15.0
0.013467000000000002,0.034509,-0.035518,-0.039053,0.022725000000000002,-0.014141999999999998,0.04882,-0.006228,10.027444,20.0,-15.0
0.007575,0.040908,-0.03619,-0.044441999999999995,0.017336999999999998,-0.018181999999999997,0.049493,-0.004714,10.017267,25.0,-15.0
0.002356,0.048315000000000004,-0.040233,-0.05016400000000001,0.010268,-0.020368,0.049828000000000004,-0.003874,10.110996,30.0,-15.0
-0.008418,0.049156,-0.049156,-0.057912,-0.001178,-0.025586000000000005,0.049324,-0.004882,9.995775,35.0,-15.0
-0.018855,0.050333,-0.055047,-0.06111,-0.012795,-0.028113,0.050165,-0.003874,10.005494,40.0,-15.0
-0.029292000000000002,0.04966,-0.057911000000000004,-0.06498,-0.024241000000000002,-0.031478,0.051175000000000005,-0.001683,10.096302,45.0,-15.0
0.128276,-0.0031989999999999996,-0.09696600000000001,-0.0052179999999999995,0.184163,-0.016498,0.206719,-0.003536,20.06917,0.0,-15.0
0.12356199999999999,0.034172999999999995,-0.099152,-0.042087,0.18029199999999998,-0.019024,0.20638299999999998,-0.003873,20.034153,5.0,-15.0
0.11396600000000001,0.07103899999999999,-0.104874,-0.076428,0.173558,-0.024074,0.205539,-0.0033669999999999998,20.061099,10.0,-15.0
0.097975,0.104203,-0.109924,-0.10504200000000001,0.15773600000000002,-0.032994,0.20402599999999999,-0.0026950000000000003,20.00047,15.0,-15.0
0.076932,0.13602,-0.122719,-0.13602,0.13467200000000001,-0.043098000000000004,0.20369,-0.002526,19.993731,20.0,-15.0
0.052356,0.16026,-0.14056600000000002,-0.169181,0.10353000000000001,-0.054373000000000005,0.206553,0.001008,20.059408,25.0,-15.0
0.016326,0.17810399999999998,-0.161438,-0.200827,0.070702,-0.066495,0.20891,0.001512,20.011419,30.0,-15.0
-0.020032,0.190392,-0.188203,-0.227597,0.029459999999999997,-0.079288,0.209922,0.001009,20.010779,35.0,-15.0
-0.060602,0.196283,-0.20790000000000003,-0.252678,-0.013132,-0.092756,0.21211000000000002,0.002018,20.029443,40.0,-15.0
-0.10891600000000001,0.192245,-0.23315100000000002,-0.27271,-0.059592,-0.102687,0.21396199999999999,0.002187,20.009934,45.0,-15.0
0.28567200000000004,-0.019024,-0.227766,-0.01515,0.42085,-0.030974,0.470174,-0.004377,29.997846,0.0,-15.0
0.279442,0.071038,-0.23247900000000002,-0.102687,0.413444,-0.037201,0.47051,-0.00421,29.976117,5.0,-15.0
0.258234,0.156052,-0.244599,-0.188035,0.39526500000000003,-0.04882,0.47067800000000004,-0.003873,29.950004,10.0,-15.0
0.22473700000000002,0.238033,-0.248806,-0.251332,0.36159299999999994,-0.06834799999999999,0.47101699999999996,-0.003031,29.991876,15.0,-15.0
0.177263,0.311766,-0.274394,-0.312438,0.31429300000000004,-0.093598,0.47202599999999995,-0.001178,30.063097,20.0,-15.0
0.11649000000000001,0.368156,-0.31631200000000004,-0.37573500000000004,0.253182,-0.11598299999999999,0.47354199999999996,-0.0018510000000000002,30.014278,25.0,-15.0
0.043771000000000004,0.40822400000000003,-0.36411899999999997,-0.438527,0.174064,-0.145615,0.47354199999999996,-0.000505,29.955568,30.0,-15.0
-0.037202,0.431118,-0.41664,-0.500811,0.080801,-0.179282,0.47505600000000003,0.001176,29.990503999999998,35.0,-15.0
-0.129117,0.437683,-0.480444,-0.5492950000000001,-0.019527999999999997,-0.21008900000000003,0.478592,0.001176,30.030174999999996,40.0,-15.0
-0.235508,0.43044399999999994,-0.528251,-0.611747,-0.13012800000000002,-0.235845,0.477918,0.001346,30.018515999999998,45.0,-15.0
0.509398,-0.04293,-0.409909,-0.043602,0.752648,-0.048484000000000006,0.841028,-0.008586,40.020291,0.0,-15.0
0.49525600000000003,0.12053,-0.41916899999999996,-0.196451,0.744737,-0.062456,0.842036,-0.008081000000000001,40.067981,5.0,-15.0
0.45872900000000005,0.27472799999999997,-0.43903,-0.34812699999999996,0.710399,-0.081814,0.8423719999999999,-0.008923,40.084268,10.0,-15.0
0.39375,0.41596900000000003,-0.45569800000000005,-0.464452,0.6477729999999999,-0.12052800000000001,0.838838,-0.007575,39.976298,15.0,-15.0
0.30890500000000004,0.543908,-0.49205899999999997,-0.566972,0.56579,-0.172044,0.840355,-0.005050000000000001,40.0639,20.0,-15.0
0.21076199999999998,0.64188,-0.561921,-0.676895,0.457383,-0.208575,0.8428760000000001,-0.0026939999999999998,40.050822,25.0,-15.0
0.07474499999999999,0.712586,-0.6410389999999999,-0.802478,0.309579,-0.262608,0.8417,-0.00303,39.957851,30.0,-15.0
-0.073902,0.755175,-0.739517,-0.918801,0.14763500000000002,-0.32136200000000004,0.844561,-0.0006720000000000001,40.004006,35.0,-15.0
-0.23416199999999998,0.77184,-0.841867,-1.024518,-0.023399,-0.35233400000000004,0.8512959999999999,0.0033689999999999996,40.061867,40.0,-15.0
-0.459906,0.764599,-0.895738,-1.220132,-0.222884,-0.533636,0.852304,0.007406,40.057063,45.0,-15.0
0.792546,-0.065149,-0.661408,-0.06902,1.182254,-0.07407,1.310698,-0.0067339999999999995,50.039236,0.0,-15.0
0.769144,0.187195,-0.668816,-0.319847,1.1645759999999998,-0.10049700000000002,1.307329,-0.009259,49.997658,5.0,-15.0
0.706694,0.424049,-0.703325,-0.5440769999999999,1.1014490000000001,-0.130634,1.30817,-0.012289,49.993927,10.0,-15.0
0.602656,0.642724,-0.736993,-0.7725110000000001,1.006166,-0.19409400000000002,1.303289,-0.019358999999999998,50.011176,15.0,-15.0
0.470174,0.839513,-0.795579,-0.9805809999999999,0.8730129999999999,-0.271364,1.308003,-0.015654,50.030564,20.0,-15.0
0.327926,0.986303,-0.931256,-1.12485,0.690698,-0.337522,1.308508,-0.012625,50.039399,25.0,-15.0
0.135515,1.093201,-1.064922,-1.3285399999999998,0.471858,-0.405701,1.3085090000000001,-0.011783,50.022005,30.0,-15.0
-0.09612200000000001,1.16121,-1.214407,-1.5542850000000001,0.22726000000000002,-0.47674000000000005,1.309856,-0.007070999999999999,50.00932,35.0,-15.0
-0.33567,1.1824210000000002,-1.377866,-1.719596,-0.048317,-0.580773,1.3149060000000001,-0.0035369999999999998,50.010999,40.0,-15.0
-0.696422,1.1822510000000002,-1.439645,-1.9532519999999998,-0.349137,-0.749785,1.322312,0.0015140000000000002,50.070028,45.0,-15.0
-0.020032,0.047979,-0.056901,-0.064139,-0.010268,-0.029291,0.052019,0.005554,10.056529,45.0,-15.0
-0.032995,0.044442999999999996,-0.055385,-0.06599,-0.019022999999999998,-0.028449999999999996,0.057237,0.005892,10.028831,50.0,-15.0
-0.045956,0.042592000000000005,-0.068516,-0.06952499999999999,-0.030805,-0.033668,0.061444,0.001512,10.071089,55.0,-15.0
-0.056057,0.038550999999999995,-0.070534,-0.072389,-0.042762,-0.037198999999999996,0.05824700000000001,-0.00033600000000000004,10.043199,60.0,-15.0
-0.068179,0.027943000000000003,-0.08602,-0.074912,-0.060434,-0.038378999999999996,0.055553,-0.000673,10.042806,65.0,-15.0
-0.08231999999999999,0.014813999999999999,-0.093934,-0.07844799999999999,-0.071882,-0.040737999999999996,0.053364999999999996,-0.00421,10.028915,70.0,-15.0
-0.08871599999999999,0.003706,-0.094943,-0.07878399999999999,-0.082321,-0.042762,0.054206,-0.003032,10.043477,75.0,-15.0
-0.09713400000000001,-0.009596,-0.10117100000000001,-0.08130799999999999,-0.09292500000000001,-0.052187000000000004,0.050669000000000006,-0.004378,10.06559,80.0,-15.0
-0.097806,-0.020536,-0.100665,-0.081815,-0.09747,-0.049998,0.050166,-0.002863,10.087213,85.0,-15.0
-0.097131,-0.032152,-0.10033,-0.081815,-0.09797600000000001,-0.048147,0.052017999999999995,-0.0032010000000000003,10.090777,90.0,-15.0
-0.10436800000000002,0.192413,-0.22692199999999998,-0.275403,-0.049492,-0.10352700000000001,0.21295000000000003,0.0058909999999999995,20.034275,45.0,-15.0
-0.158576,0.181134,-0.238369,-0.285503,-0.098816,-0.142418,0.21530900000000003,0.007237,19.998682,50.0,-15.0
-0.206722,0.161101,-0.26412500000000005,-0.292407,-0.14730000000000001,-0.165815,0.215816,0.006732,20.060418,55.0,-15.0
-0.248806,0.13484100000000002,-0.289884,-0.300321,-0.197125,-0.190222,0.21615199999999998,0.006900000000000001,20.018131,60.0,-15.0
-0.280285,0.101508,-0.329948,-0.303518,-0.24325099999999997,-0.138713,0.21665600000000002,0.007913,20.059991,65.0,-15.0
-0.31446,0.059087999999999995,-0.354524,-0.298469,-0.28230500000000003,-0.142754,0.216488,0.008924,19.990252,70.0,-15.0
-0.34644400000000003,0.015318000000000002,-0.37371600000000005,-0.29392399999999996,-0.317656,-0.16261699999999998,0.218168,0.010772,20.055144,75.0,-15.0
-0.36513,-0.029964,-0.381796,-0.283148,-0.344928,-0.176925,0.22120099999999998,0.014646000000000001,20.037151,80.0,-15.0
-0.3722,-0.07861599999999999,-0.375904,-0.276413,-0.359741,-0.177597,0.221538,0.013467999999999999,20.060925,85.0,-15.0
-0.36395,-0.126258,-0.366646,-0.273046,-0.36832699999999996,-0.16834,0.22120099999999998,0.013973,20.030076,90.0,-15.0
-0.23433099999999998,0.43768399999999996,-0.50519,-0.6102299999999999,-0.108409,-0.22456700000000002,0.48061,0.012625999999999998,30.031866,45.0,-15.0
-0.361594,0.41243100000000005,-0.544076,-0.681441,-0.226588,-0.321026,0.4804419999999999,0.013300999999999999,30.040216999999995,50.0,-15.0
-0.46411499999999994,0.368326,-0.599963,-0.699452,-0.33062,-0.36041599999999996,0.480274,0.015654,30.091517,55.0,-15.0
-0.560067,0.307222,-0.659389,-0.705347,-0.44357499999999994,-0.38667799999999997,0.48263100000000003,0.017336999999999998,30.031803000000004,60.0,-15.0
-0.614944,0.226756,-0.748777,-0.611915,-0.538689,-0.305201,0.482799,0.016832,30.094512,65.0,-15.0
-0.701303,0.134,-0.794903,-0.538856,-0.628582,-0.331124,0.48179,0.015822,30.012233,70.0,-15.0
-0.777731,0.032825,-0.832272,-0.549293,-0.714269,-0.35418700000000003,0.48330399999999996,0.015486,30.050005,75.0,-15.0
-0.821332,-0.074912,-0.8566819999999999,-0.6056860000000001,-0.785475,-0.383984,0.483136,0.014982,30.013600000000004,80.0,-15.0
-0.8418680000000001,-0.183825,-0.8496090000000001,-0.6019829999999999,-0.831599,-0.392065,0.48431499999999994,0.016663,29.990107000000002,85.0,-15.0
-0.8172919999999999,-0.29745900000000003,-0.821162,-0.593735,-0.854325,-0.374558,0.483474,0.015654,30.016958,90.0,-15.0
-0.46798700000000004,0.773352,-0.8807560000000001,-1.214574,-0.207564,-0.517814,0.85601,0.002018,40.048698,45.0,-15.0
-0.650972,0.721508,-0.9805810000000001,-1.267263,-0.40486000000000005,-0.550137,0.8536490000000001,0.002694,40.050628,50.0,-15.0
-0.8018040000000001,0.643396,-1.105661,-1.212556,-0.592725,-0.499299,0.8568490000000001,0.004378,40.041178,55.0,-15.0
-0.9657669999999999,0.5363300000000001,-1.210872,-1.078387,-0.775205,-0.470007,0.859542,0.006227,40.068074,60.0,-15.0
-1.09421,0.397285,-1.3214679999999999,-0.953815,-0.949437,-0.52118,0.8570180000000001,0.007913,40.002466,65.0,-15.0
-1.234607,0.22810100000000003,-1.4354369999999999,-1.163399,-1.1268699999999998,-0.585824,0.8568490000000001,0.009932,40.068918,70.0,-15.0
-1.37433,0.050333,-1.490484,-1.126534,-1.271641,-0.611747,0.8595430000000001,0.009932,40.07824,75.0,-15.0
-1.470452,-0.140229,-1.518932,-1.0859619999999999,-1.397727,-0.656694,0.8612270000000001,0.015319,40.028043,80.0,-15.0
-1.4916610000000001,-0.332976,-1.489979,-1.028223,-1.481897,-0.66309,0.859879,0.017169999999999998,40.01493,85.0,-15.0
-1.4648970000000001,-0.525556,-1.435773,-1.012735,-1.554454,-0.624037,0.8600490000000001,0.013805999999999999,40.075491,90.0,-15.0
-0.69743,1.2031269999999998,-1.4096790000000001,-1.931871,-0.325401,-0.708713,1.3216379999999999,0.007237,50.052545,45.0,-15.0
-0.9901770000000001,1.135285,-1.542165,-1.999879,-0.6204989999999999,-0.8679600000000001,1.3268559999999998,0.012961,50.000484,50.0,-15.0
-1.2373020000000001,1.008861,-1.60243,-1.7123570000000001,-0.882945,-0.844561,1.33157,0.015822,50.037493,55.0,-15.0
-1.3898160000000002,0.838671,-1.688788,-1.346047,-1.1122239999999999,-0.885637,1.329889,0.01852,50.014066,60.0,-15.0
-1.648556,0.622858,-1.872784,-1.387459,-1.408165,-0.9118980000000001,1.331738,0.022556,49.999664,65.0,-15.0
-1.9084720000000002,0.37119,-2.101389,-1.557652,-1.708148,-0.90045,1.336957,0.027100000000000003,50.002307,70.0,-15.0
-2.1353940000000002,0.082824,-2.280334,-1.6886199999999998,-1.972273,-0.9485949999999999,1.341334,0.030636000000000004,50.0126,75.0,-15.0
-2.275455,-0.209416,-2.38033,-1.660338,-2.184383,-0.993038,1.344365,0.029964,50.086505,80.0,-15.0
-2.327808,-0.5120910000000001,-2.333531,-1.573306,-2.338411,-0.9859690000000001,1.346551,0.032657000000000005,50.099339,85.0,-15.0
-2.277307,-0.813758,-2.2643429999999998,-1.5292020000000002,-2.4215720000000003,-0.9214929999999999,1.344029,0.034005999999999995,50.044111,90.0,-15.0
0.039896,-0.0008410000000000001,-0.029627999999999998,-0.0016820000000000001,0.049829,-0.0031989999999999996,0.052357,0.000504,10.066518,0.0,-20.0
0.042256,0.007406,-0.029459999999999997,-0.00825,0.048483000000000005,-0.00505,0.05891999999999999,-1.0000000000000027e-06,10.063967,5.0,-20.0
0.037538,0.018518,-0.029626999999999997,-0.017001,0.045787,-0.004546,0.058582999999999996,-0.000674,10.050631,10.0,-20.0
0.031476000000000004,0.026931,-0.031309,-0.028450999999999997,0.039895,-0.007913,0.060096000000000004,-0.001177,10.031845,15.0,-20.0
0.02828,0.035014,-0.033668,-0.035518,0.036864999999999995,-0.006228,0.061612,0.00033600000000000004,10.022502,20.0,-20.0
0.020704,0.041244,-0.038549,-0.041752,0.031813,-0.009764,0.061612999999999994,0.0,10.002965,25.0,-20.0
0.012118,0.048147,-0.042762,-0.048651,0.021546,-0.013804,0.061444,0.0006720000000000001,10.032837,30.0,-20.0
0.0018500000000000003,0.051512999999999996,-0.046633,-0.054878,0.013299,-0.018181,0.061107,-0.000337,10.029501,35.0,-20.0
-0.009260000000000001,0.052524,-0.054374,-0.060939,0.0025250000000000003,-0.020873,0.061444,-0.000505,10.050577,40.0,-20.0
-0.018854,0.051512,-0.058585,-0.06397,-0.007239,-0.023061,0.061949,0.0016840000000000002,10.027517,45.0,-20.0
0.156221,-0.017339,-0.118173,-0.018349999999999998,0.175915,-0.024578,0.21312000000000003,-0.004042,20.00995,0.0,-20.0
0.15319,0.024073,-0.11901500000000001,-0.055723,0.173222,-0.026765,0.214634,-0.004378,20.05082,5.0,-20.0
0.14510800000000001,0.061612,-0.120025,-0.084338,0.166657,-0.0303,0.215478,-0.001683,20.028048,10.0,-20.0
0.12676199999999999,0.09696400000000001,-0.12979200000000002,-0.11649000000000001,0.149822,-0.036863999999999994,0.213119,-0.00016900000000000002,20.004638,15.0,-20.0
0.10487500000000001,0.12777100000000002,-0.143932,-0.146794,0.128277,-0.045957,0.214973,0.000504,20.015877,20.0,-20.0
0.07608899999999999,0.15302100000000002,-0.163459,-0.179448,0.101845,-0.056733,0.214466,-0.000674,20.0264,25.0,-20.0
0.039728,0.171709,-0.181469,-0.209755,0.067001,-0.06717,0.21631999999999998,-0.00016900000000000002,20.039392,30.0,-20.0
0.000504,0.183491,-0.200996,-0.23146999999999998,0.031813,-0.077775,0.216993,0.001177,20.005968,35.0,-20.0
-0.042425000000000004,0.1877,-0.225915,-0.259243,-0.010100000000000001,-0.09056800000000001,0.21632,0.001512,20.020331,40.0,-20.0
-0.094943,0.1877,-0.239884,-0.27809500000000004,-0.054206,-0.11043,0.21884199999999998,0.002694,20.035432,45.0,-20.0
0.356375,-0.050839999999999996,-0.285503,-0.045787999999999995,0.39425499999999997,-0.055384,0.47808700000000004,-0.0035369999999999998,30.009055999999998,0.0,-20.0
0.347956,0.041582,-0.28062200000000004,-0.126087,0.38651,-0.057744,0.47943299999999994,-0.0035369999999999998,30.009844999999995,5.0,-20.0
0.325908,0.130971,-0.28584,-0.201503,0.365297,-0.07306199999999999,0.47943299999999994,-0.0035369999999999998,30.010687,10.0,-20.0
0.28617600000000004,0.208911,-0.305369,-0.273551,0.332976,-0.090734,0.481283,-0.002357,30.078374000000004,15.0,-20.0
0.235847,0.276077,-0.331797,-0.34526599999999996,0.282642,-0.10824199999999999,0.47993800000000003,-0.001346,30.040859,20.0,-20.0
0.17154,0.330285,-0.376915,-0.40889699999999995,0.220866,-0.12995800000000002,0.481283,0.00016800000000000002,30.032804,25.0,-20.0
0.091745,0.372707,-0.42169100000000004,-0.47808599999999996,0.141913,-0.159252,0.48111499999999996,-0.00016800000000000002,30.04006,30.0,-20.0
0.005723000000000001,0.396273,-0.471353,-0.52724,0.057741,-0.18231,0.480443,0.0008400000000000001,30.010881,35.0,-20.0
-0.08838,0.404524,-0.533636,-0.56798,-0.035854,-0.22709000000000001,0.48380999999999996,0.001849,30.043371999999998,40.0,-20.0
-0.194095,0.401156,-0.5801000000000001,-0.6169659999999999,-0.142754,-0.26261,0.48566000000000004,0.005554,30.064445999999997,45.0,-20.0
0.638178,-0.09948800000000001,-0.5252209999999999,-0.084339,0.6839660000000001,-0.10470600000000001,0.844393,0.002357,40.082855,0.0,-20.0
0.622016,0.05808,-0.525389,-0.23685499999999998,0.675549,-0.113461,0.8432130000000001,0.003705,40.032995,5.0,-20.0
0.579427,0.214129,-0.53431,-0.37186400000000003,0.642892,-0.13534600000000002,0.846414,0.0038719999999999996,40.078332,10.0,-20.0
0.50704,0.357888,-0.552999,-0.490541,0.578922,-0.16649,0.8438869999999999,0.001008,39.985721,15.0,-20.0
0.418156,0.477917,-0.599965,-0.606023,0.491551,-0.20251199999999997,0.8454039999999999,0.002356,40.026628,20.0,-20.0
0.304699,0.576565,-0.671677,-0.722013,0.38196599999999997,-0.241736,0.846918,0.003706,40.04645,25.0,-20.0
0.163458,0.649456,-0.758035,-0.834628,0.24628299999999997,-0.29089299999999996,0.8474220000000001,0.00033600000000000004,40.035583,30.0,-20.0
0.004039,0.698442,-0.839006,-0.950784,0.08652599999999999,-0.343414,0.8507910000000001,0.002863,40.054022,35.0,-20.0
-0.16548000000000002,0.714267,-0.935465,-1.036976,-0.07912,-0.37455700000000003,0.8501160000000001,0.005554,40.035277,40.0,-20.0
-0.409741,0.719487,-0.975867,-1.2548059999999999,-0.26362,-0.552662,0.8544919999999999,0.008585,40.107863,45.0,-20.0
0.980918,-0.168846,-0.8427089999999999,-0.146291,1.053809,-0.16615200000000002,1.303459,-0.008587000000000001,49.98052,0.0,-20.0
0.9647589999999999,0.08635899999999999,-0.866615,-0.377925,1.042195,-0.185003,1.3066559999999998,-0.003873,50.033253,5.0,-20.0
0.896917,0.315976,-0.9125719999999999,-0.5836349999999999,0.988997,-0.217497,1.307833,-0.005386,50.041093,10.0,-20.0
0.787327,0.54963,-0.935465,-0.818805,0.8992739999999999,-0.26614400000000005,1.311033,-0.002863,50.05739,15.0,-20.0
0.6460899999999999,0.74036,-1.0184570000000002,-1.0379859999999999,0.7568560000000001,-0.330283,1.30935,-0.0008420000000000001,50.038712,20.0,-20.0
0.482294,0.891868,-1.135623,-1.224339,0.58414,-0.373211,1.315076,0.004882,50.059577,25.0,-20.0
0.262946,1.004148,-1.24033,-1.43089,0.368495,-0.436336,1.314737,0.005892,49.998926,30.0,-20.0
0.020537,1.077546,-1.368103,-1.608323,0.132822,-0.48818799999999996,1.315915,0.006730999999999999,50.036852,35.0,-20.0
-0.23466800000000002,1.104309,-1.512703,-1.7376080000000003,-0.130801,-0.6270659999999999,1.319956,0.012961,50.025919,40.0,-20.0
-0.615618,1.117275,-1.542333,-1.9818660000000001,-0.407215,-0.825202,1.328203,0.015654,50.077474,45.0,-20.0
-0.02727,0.041245,-0.064981,-0.071378,-0.019527999999999997,-0.032489000000000004,0.048484000000000006,0.002863,10.083055,45.0,-20.0
-0.03838,0.038213,-0.069188,-0.07558499999999999,-0.031983,-0.032994,0.045115,0.001345,10.066376,50.0,-20.0
-0.04983,0.035183,-0.069358,-0.068684,-0.043938,-0.035181000000000004,0.048315000000000004,0.005723000000000001,10.02587,55.0,-20.0
-0.06312999999999999,0.025585999999999998,-0.076763,-0.068852,-0.056058,-0.037537,0.047811000000000006,0.006565,10.001562,60.0,-20.0
-0.070367,0.018855,-0.082319,-0.068852,-0.065147,-0.036527,0.049996,0.007237,10.031742,65.0,-20.0
-0.08012899999999999,0.008251,-0.08888399999999999,-0.06834799999999999,-0.075415,-0.037537,0.052187000000000004,0.006562999999999999,10.002052,70.0,-20.0
-0.088548,-0.0015140000000000002,-0.091915,-0.070198,-0.084338,-0.041749,0.052356,0.006566,10.026416,75.0,-20.0
-0.09427100000000001,-0.012121999999999999,-0.091913,-0.07053499999999999,-0.089556,-0.044276,0.054878,0.008756,10.069309,80.0,-20.0
-0.096291,-0.023904,-0.091578,-0.07003,-0.092419,-0.044442999999999996,0.053869999999999994,0.007239,10.045934,85.0,-20.0
-0.09679600000000001,-0.037705,-0.089725,-0.072387,-0.094945,-0.043433,0.056059000000000005,0.005386,10.066843,90.0,-20.0
-0.096122,0.175748,-0.24342000000000003,-0.276583,-0.063802,-0.104369,0.204866,0.0038740000000000003,20.025309,45.0,-20.0
-0.152014,0.17086600000000002,-0.25402500000000006,-0.290053,-0.11261700000000001,-0.144942,0.207563,0.005554,20.068093,50.0,-20.0
-0.199985,0.151675,-0.272878,-0.288705,-0.15453699999999998,-0.16480699999999998,0.208909,0.008418,20.027766,55.0,-20.0
-0.24409200000000003,0.126424,-0.297794,-0.29729,-0.20369,-0.184499,0.20924800000000002,0.008588,20.020802,60.0,-20.0
-0.27927599999999997,0.093598,-0.335669,-0.29695499999999997,-0.249648,-0.13703,0.20874199999999998,0.008586,20.014914,65.0,-20.0
-0.31328,0.05286,-0.356711,-0.288367,-0.288199,-0.145112,0.20907900000000001,0.009091,20.047424,70.0,-20.0
-0.348968,0.011445,-0.371526,-0.28045400000000004,-0.323717,-0.164974,0.21110099999999998,0.01094,20.034125,75.0,-20.0
-0.370853,-0.035518,-0.374051,-0.276245,-0.349306,-0.176588,0.21160600000000002,0.010772,20.040406,80.0,-20.0
-0.372872,-0.08231999999999999,-0.374388,-0.27203600000000006,-0.367151,-0.180124,0.213286,0.010941000000000001,20.037314,85.0,-20.0
-0.369001,-0.133158,-0.367317,-0.270353,-0.37640900000000005,-0.168676,0.21278199999999997,0.010941000000000001,20.027975,90.0,-20.0
-0.190727,0.391054,-0.582962,-0.6115769999999999,-0.143764,-0.277592,0.47943299999999994,0.007744000000000001,30.010841,45.0,-20.0
-0.339712,0.37725,-0.583132,-0.689351,-0.258568,-0.323044,0.48212599999999994,0.009932,30.056405,50.0,-20.0
-0.446268,0.33785699999999996,-0.627405,-0.700966,-0.362099,-0.362098,0.483136,0.011109,30.046019,55.0,-20.0
-0.544245,0.276918,-0.6770619999999999,-0.698107,-0.460746,-0.363951,0.481285,0.010269,30.022906,60.0,-20.0
-0.6050139999999999,0.20335299999999998,-0.7602230000000001,-0.603834,-0.545927,-0.306211,0.4804419999999999,0.012287000000000001,29.99582,65.0,-20.0
-0.698947,0.12019200000000001,-0.804161,-0.548451,-0.6351479999999999,-0.33061799999999997,0.481452,0.012456,30.029289999999996,70.0,-20.0
-0.778907,0.02121,-0.8408580000000001,-0.542053,-0.72521,-0.35469300000000004,0.482463,0.013297999999999999,30.034535999999996,75.0,-20.0
-0.827055,-0.08518099999999999,-0.846246,-0.609726,-0.791875,-0.388193,0.48364199999999996,0.014478,30.040972,80.0,-20.0
-0.8381640000000001,-0.18904400000000002,-0.835304,-0.60232,-0.833115,-0.386004,0.482632,0.016158,30.0,85.0,-20.0
-0.821499,-0.292745,-0.8073589999999999,-0.590705,-0.859544,-0.372199,0.483979,0.016159,30.038176,90.0,-20.0
-0.40233100000000005,0.7272299999999999,-0.969136,-1.256996,-0.258064,-0.543571,0.8563459999999999,0.009428,40.080216,45.0,-20.0
-0.597607,0.68346,-1.047414,-1.292179,-0.44172399999999995,-0.561752,0.855504,0.010100000000000001,40.044226,50.0,-20.0
-0.776552,0.602827,-1.137307,-1.2771979999999998,-0.633802,-0.583804,0.8544940000000001,0.01178,39.999314,55.0,-20.0
-0.916107,0.49559300000000006,-1.249925,-1.05785,-0.7938959999999999,-0.474214,0.857522,0.012119000000000001,40.020918,60.0,-20.0
-1.071316,0.364792,-1.352443,-0.98378,-0.960549,-0.519834,0.8593740000000001,0.015823999999999998,40.030869,65.0,-20.0
-1.220469,0.20453100000000002,-1.446043,-1.170133,-1.136466,-0.5644440000000001,0.8612259999999999,0.01936,40.035536,70.0,-20.0
-1.357159,0.031309,-1.494523,-1.133267,-1.2745039999999999,-0.6326229999999999,0.862573,0.019191999999999997,40.029763,75.0,-20.0
-1.456985,-0.14629,-1.511695,-1.0863,-1.38948,-0.667469,0.8652660000000001,0.019191999999999997,40.054509,80.0,-20.0
-1.497216,-0.340047,-1.4879580000000001,-1.0363010000000001,-1.4818989999999999,-0.6603999999999999,0.8635809999999999,0.017506,40.062093,85.0,-20.0
-1.468431,-0.526399,-1.446546,-1.014249,-1.547719,-0.617976,0.866445,0.016664,40.07115,90.0,-20.0
-0.619825,1.11357,-1.542839,-1.992642,-0.41462199999999994,-0.820657,1.324502,0.00033600000000000004,50.049452,45.0,-20.0
-0.9172839999999999,1.0465719999999998,-1.657478,-2.02951,-0.694232,-0.831095,1.321134,0.002693,50.008948,50.0,-20.0
-1.1822500000000002,0.935128,-1.7054559999999999,-1.8024159999999998,-0.9457340000000001,-0.85803,1.323996,0.006227,50.017138,55.0,-20.0
-1.345206,0.771166,-1.714544,-1.3507609999999999,-1.1490909999999999,-0.867962,1.331907,0.014646000000000001,50.03173,60.0,-20.0
-1.623809,0.568148,-1.901233,-1.38342,-1.439139,-0.883281,1.332412,0.01599,49.986288,65.0,-20.0
-1.8901229999999998,0.325235,-2.131018,-1.563375,-1.7298639999999998,-0.9125719999999999,1.335778,0.020368,50.002141,70.0,-20.0
-2.1172139999999997,0.059255999999999996,-2.30744,-1.717912,-1.9855720000000001,-0.939336,1.34504,0.023904,50.051031,75.0,-20.0
-2.268888,-0.229954,-2.3737649999999997,-1.655624,-2.185393,-0.973005,1.342679,0.025922,50.069872,80.0,-20.0
-2.3301629999999998,-0.517142,-2.333026,-1.587279,-2.3252800000000002,-0.963074,1.345712,0.028113,50.013156,85.0,-20.0
-2.2897629999999998,-0.806855,-2.257441,-1.53644,-2.421234,-0.91981,1.3470559999999998,0.028619,50.088585,90.0,-20.0
0.011278,-0.057574,-0.049325,0.03956,0.012962000000000001,-0.020706,0.053869999999999994,-0.000505,10.094209,-30.0,-20.0
0.017506,-0.052526,-0.042425000000000004,0.035518,0.019864,-0.020368999999999998,0.047305,-0.004546,10.069526,-25.0,-20.0
0.028113,-0.044274,-0.039222,0.029627999999999998,0.028787,-0.017845,0.048315000000000004,-0.0033690000000000005,10.04126,-20.0,-20.0
0.031982,-0.037198999999999996,-0.035182000000000005,0.022558,0.032657000000000005,-0.01616,0.047979,-0.0032010000000000003,10.045306,-15.0,-20.0
0.035351,-0.0303,-0.031816,0.01431,0.035519,-0.013132,0.047473,-0.004377,10.083686,-10.0,-20.0
0.039390999999999995,-0.019527,-0.029964,0.007744000000000001,0.039897,-0.010435999999999999,0.048987,-0.0031980000000000003,10.058192,-5.0,-20.0
0.040064,-0.0101,-0.028956,-0.002187,0.041919,-0.009596,0.049324,-0.002693,10.072441,0.0,-20.0
0.045114,-0.224228,-0.197126,0.167164,0.053196,-0.07508,0.207226,0.001683,20.109356,-30.0,-20.0
0.07996099999999999,-0.194935,-0.174734,0.14763600000000002,0.09006,-0.065484,0.20402599999999999,0.002862,20.03717,-25.0,-20.0
0.107232,-0.163795,-0.15554700000000002,0.125414,0.117838,-0.05302900000000001,0.20537200000000003,0.001177,20.04989,-20.0,-20.0
0.131307,-0.126593,-0.13484100000000002,0.09662699999999999,0.145783,-0.043602,0.20469900000000002,0.001513,20.07832,-15.0,-20.0
0.145953,-0.0973,-0.12305600000000001,0.062625,0.16127,-0.036527,0.20453000000000002,-0.000843,20.090845,-10.0,-20.0
0.156053,-0.062456,-0.11935100000000001,0.026257999999999997,0.172213,-0.028617999999999998,0.205035,-0.000504,20.079294,-5.0,-20.0
0.15840700000000002,-0.026595999999999998,-0.11362799999999999,-0.016328000000000002,0.173726,-0.029292000000000002,0.203858,-0.0032,20.057299,0.0,-20.0
0.10100200000000001,-0.49660400000000005,-0.445765,0.362771,0.12002399999999999,-0.171369,0.477412,0.00016800000000000002,30.062346,-30.0,-20.0
0.177095,-0.43179,-0.39341,0.319006,0.202177,-0.14494,0.472363,-0.000504,29.997445,-25.0,-20.0
0.242916,-0.367486,-0.349472,0.267996,0.269341,-0.117331,0.47354199999999996,-0.0026950000000000003,30.058966000000005,-20.0,-20.0
0.29442899999999994,-0.29560899999999996,-0.314628,0.20672000000000001,0.323044,-0.096965,0.474552,-0.00101,30.071046000000003,-15.0,-20.0
0.328768,-0.22103299999999998,-0.293418,0.133158,0.35772,-0.07979499999999999,0.47286799999999996,-0.004042,30.070488,-10.0,-20.0
0.349979,-0.146458,-0.284493,0.044275,0.379274,-0.064979,0.4755599999999999,-0.0052179999999999995,30.076389999999996,-5.0,-20.0
0.355029,-0.063632,-0.28567299999999995,-0.048147,0.389878,-0.062119,0.47404599999999997,-0.006565,30.081745,0.0,-20.0
0.171203,-0.8890039999999999,-0.8004580000000001,0.6361589999999999,0.20924700000000002,-0.311429,0.8422040000000001,-0.0033680000000000003,40.000561,-30.0,-20.0
0.31833300000000003,-0.757866,-0.721171,0.568485,0.35671200000000003,-0.263282,0.842708,-0.0032,40.054011,-25.0,-20.0
0.42724700000000004,-0.6440699999999999,-0.63279,0.47320399999999996,0.470007,-0.21513900000000002,0.8418680000000001,-0.0052179999999999995,40.029342,-20.0,-20.0
0.5162990000000001,-0.522359,-0.569663,0.360919,0.5642750000000001,-0.18146800000000002,0.840187,-0.005051,40.115481,-15.0,-20.0
0.579259,-0.399976,-0.5432349999999999,0.224903,0.625721,-0.143427,0.836819,-0.00421,40.008456,-10.0,-20.0
0.61949,-0.261431,-0.5336380000000001,0.068683,0.668814,-0.11767000000000001,0.83665,-0.006396000000000001,40.066561,-5.0,-20.0
0.631614,-0.112449,-0.52623,-0.087032,0.681779,-0.108073,0.83665,-0.007577,40.05682,0.0,-20.0
0.28264100000000003,-1.503782,-1.321637,0.9859669999999999,0.31715400000000005,-0.45350799999999997,1.3192819999999998,0.002187,50.064456,-30.0,-20.0
0.494247,-1.284102,-1.1938689999999998,0.874362,0.538521,-0.38348,1.311539,0.00033600000000000004,49.994412,-25.0,-20.0
0.663932,-1.076703,-1.051285,0.7326159999999999,0.72319,-0.339036,1.311202,-0.0033680000000000003,50.002291,-20.0,-20.0
0.802647,-0.855335,-0.964926,0.551314,0.871329,-0.279443,1.311202,-0.003873,50.062531,-15.0,-20.0
0.9017989999999999,-0.6169640000000001,-0.9257019999999999,0.32287699999999997,0.970144,-0.22137,1.306489,-0.010101,49.999462,-10.0,-20.0
0.9590349999999999,-0.41933499999999996,-0.873181,0.098478,1.0346199999999999,-0.18584499999999998,1.3069929999999998,-0.015487,50.05713,-5.0,-20.0
0.972335,-0.179786,-0.8423719999999999,-0.153863,1.051958,-0.170864,1.296556,-0.020368,50.040804,0.0,-20.0
-0.004209,-0.052188,-0.037031,0.047642000000000004,0.013467999999999999,-0.015655,0.049324,-0.005891,10.153649,-30.0,-10.0
0.002018,-0.042257,-0.032152,0.042929,0.021881,-0.012794,0.046633,-0.005386,10.042234,-25.0,-10.0
0.009764,-0.029964,-0.024578,0.03905499999999999,0.034004999999999994,-0.00825,0.049324,-0.004378,10.018636,-20.0,-10.0
0.01599,-0.02441,-0.017001,0.03232,0.036697999999999995,-0.005386,0.045787999999999995,-0.004546,10.046478,-15.0,-10.0
0.016664,-0.018855,-0.01936,0.021546,0.038549999999999994,-0.005554,0.047810000000000005,-0.004882,10.068628,-10.0,-10.0
0.01936,-0.008923,-0.018518,0.012289,0.040402,-0.003536,0.048652,-0.0052179999999999995,10.070321,-5.0,-10.0
0.018518,-0.00016800000000000002,-0.018012999999999998,0.002187,0.040737999999999996,-0.0032,0.047474,-0.005554,10.085218,0.0,-10.0
-0.002358,-0.19258,-0.134337,0.196283,0.087031,-0.060771,0.213961,0.007913,20.05198,-30.0,-10.0
0.026932,-0.16043000000000002,-0.113123,0.18164,0.123898,-0.047138,0.21362200000000003,0.007069000000000001,20.081488,-25.0,-10.0
0.051512,-0.12912,-0.09326000000000001,0.15756799999999999,0.15201199999999998,-0.034172999999999995,0.21110199999999998,0.004042,20.118992,-20.0,-10.0
0.070365,-0.10218100000000001,-0.077775,0.126257,0.17036,-0.021040999999999997,0.21009099999999997,0.002863,20.023944,-15.0,-10.0
0.08383399999999999,-0.074238,-0.072053,0.093934,0.186859,-0.010435999999999999,0.209754,0.003705,20.044366,-10.0,-10.0
0.090732,-0.04057,-0.066832,0.055216,0.194937,-0.00505,0.210765,0.005218,20.060967,-5.0,-10.0
0.09292600000000001,-0.003032,-0.06531400000000001,0.014478,0.199986,-0.00505,0.210598,0.0038740000000000003,20.083681,0.0,-10.0
-0.007240000000000001,-0.432465,-0.31328100000000003,0.43818900000000005,0.192919,-0.138713,0.47101499999999996,0.004714,30.045333,-30.0,-10.0
0.059760999999999995,-0.369674,-0.258401,0.40267099999999995,0.274054,-0.107569,0.46967,0.0032010000000000003,30.265809,-25.0,-10.0
0.11396600000000001,-0.30133,-0.21143499999999998,0.34829499999999997,0.34021599999999996,-0.079792,0.467483,0.0031989999999999996,30.00493,-20.0,-10.0
0.15520899999999999,-0.24038900000000002,-0.190727,0.283482,0.38903600000000005,-0.049325,0.46765100000000004,0.001683,30.058915000000002,-15.0,-10.0
0.184332,-0.174398,-0.172549,0.199146,0.42118700000000003,-0.030469000000000003,0.468661,0.000504,30.050244,-10.0,-10.0
0.20402599999999999,-0.094606,-0.1574,0.11581699999999999,0.445932,-0.010941,0.469502,-0.00016900000000000002,30.117189000000003,-5.0,-10.0
0.20705800000000002,-0.007238,-0.148476,0.024914,0.448961,-0.007238,0.466136,-0.001513,29.986634,0.0,-10.0
-0.005893,-0.767796,-0.569158,0.7683030000000001,0.343748,-0.253519,0.8448990000000001,0.00842,40.046544,-30.0,-10.0
0.105548,-0.659896,-0.453845,0.707198,0.488185,-0.190223,0.845572,0.006057999999999999,40.100059,-25.0,-10.0
0.19679,-0.550136,-0.383311,0.609726,0.606695,-0.140735,0.8396800000000001,0.0,39.978359,-20.0,-10.0
0.270353,-0.45704500000000003,-0.34442500000000004,0.49475199999999997,0.700967,-0.082825,0.840187,-0.00016800000000000002,39.969992,-15.0,-10.0
0.32557200000000003,-0.33365,-0.31732,0.347117,0.76073,-0.050333,0.839512,-0.002189,40.071777,-10.0,-10.0
0.358731,-0.18147,-0.289884,0.19577899999999998,0.7954100000000001,-0.019191,0.84069,-0.009259,40.105043,-5.0,-10.0
0.367988,-0.019864,-0.271702,0.029627000000000004,0.8068540000000001,-0.009932,0.83581,-0.009932,40.034521,0.0,-10.0
-0.00303,-1.278208,-0.916779,1.181747,0.532795,-0.40368000000000004,1.309013,-0.003874,49.983114,-30.0,-10.0
0.133494,-1.13596,-0.689015,1.090002,0.763084,-0.31412300000000004,1.30632,-0.009260000000000001,50.036727,-25.0,-10.0
0.292576,-0.956342,-0.590706,0.9438829999999999,0.9467420000000001,-0.220866,1.306992,-0.006733,50.064201,-20.0,-10.0
0.418829,-0.741705,-0.557376,0.7580340000000001,1.0819230000000002,-0.13299100000000003,1.303795,-0.008251,50.043728,-15.0,-10.0
0.5073770000000001,-0.511248,-0.504515,0.533468,1.184778,-0.080972,1.303796,-0.008753,50.060626,-10.0,-10.0
0.559226,-0.283147,-0.45973800000000004,0.30049000000000003,1.241677,-0.028281,1.3076640000000002,-0.008587000000000001,50.104549,-5.0,-10.0
0.575891,-0.031646,-0.429603,0.040065,1.259858,-0.011615,1.305311,-0.00589,50.039754,0.0,-10.0
-0.02121,-0.046294,-0.020873,0.050165,0.018686,-0.014813999999999999,0.051681,-0.008756,10.106054,-30.0,0.0
-0.012795,-0.035686,-0.018181999999999997,0.045619,0.027944000000000004,-0.011447,0.049156,-0.005724,10.009013,-25.0,0.0
-0.005386,-0.029964,-0.008587000000000001,0.043096,0.036864999999999995,-0.008081,0.047306,-0.004881999999999999,10.012833,-20.0,0.0
-0.001178,-0.021209,-0.0033669999999999998,0.035855,0.039897,-0.003874,0.050165,-0.005723,10.054525,-15.0,0.0
0.00033600000000000004,-0.014477,0.000504,0.028282,0.04377,-0.002694,0.05184999999999999,-0.0038740000000000003,10.074321,-10.0,0.0
0.0015140000000000002,-0.004881,0.00033600000000000004,0.017844,0.044779,-0.001178,0.05016400000000001,-0.0031990000000000005,10.228112,-5.0,0.0
0.001176,0.003706,0.0006720000000000001,0.006901,0.043097,-0.000673,0.049828000000000004,-0.0025250000000000003,10.066839,0.0,0.0
-0.058584000000000004,-0.175577,-0.07204999999999999,0.207226,0.10858000000000001,-0.052862,0.220528,0.004209,20.0462,-30.0,0.0
-0.033499,-0.146457,-0.042929,0.190054,0.143762,-0.039559,0.21934700000000001,0.002524,20.086983,-25.0,0.0
-0.014141,-0.116489,-0.021715,0.166489,0.17271799999999998,-0.025924000000000003,0.218169,0.002019,20.073249,-20.0,0.0
-0.001009,-0.092588,-0.006564,0.136527,0.192244,-0.012288,0.21715900000000002,0.002019,19.999857,-15.0,0.0
0.008419,-0.061783,0.002357,0.10353000000000001,0.206719,-0.002862,0.21783199999999997,0.002019,20.038152,-10.0,0.0
0.01313,-0.026595999999999998,0.009091,0.06514600000000001,0.213457,0.002694,0.215814,0.001513,20.06037,-5.0,0.0
0.016497,0.011444,0.013805000000000001,0.026257999999999997,0.21413000000000001,0.005554,0.215478,0.001513,20.071292,0.0,0.0
-0.136357,-0.408226,-0.164974,0.462601,0.230965,-0.11968700000000002,0.479602,0.005386,29.996087999999997,-30.0,0.0
-0.077943,-0.341563,-0.107903,0.429603,0.31564000000000003,-0.09124099999999999,0.4804419999999999,0.0032,30.083339000000002,-25.0,0.0
-0.037031999999999995,-0.27995000000000003,-0.061783,0.374392,0.380114,-0.05588800000000001,0.47859099999999993,0.002694,30.02349,-20.0,0.0
-0.007577,-0.222546,-0.028110999999999997,0.30823300000000003,0.42674,-0.025922,0.477917,0.001176,30.057086000000005,-15.0,0.0
0.015822,-0.150329,-0.002358,0.22288199999999997,0.455529,-0.0037040000000000003,0.47623299999999996,-0.001683,30.005461000000004,-10.0,0.0
0.028783999999999997,-0.066663,0.015317,0.13753600000000002,0.46866,0.008923,0.4755599999999999,-0.002189,30.088033000000003,-5.0,0.0
0.03232,0.017843,0.025585999999999998,0.046631,0.468494,0.014815,0.474384,-0.0032010000000000003,30.045805,0.0,0.0
-0.241568,-0.734637,-0.305538,0.813588,0.40435499999999996,-0.217833,0.8497790000000001,0.001512,40.050111,-30.0,0.0
-0.144605,-0.618985,-0.20386,0.7492810000000001,0.54778,-0.165984,0.8496119999999999,-0.0016840000000000002,40.078143,-25.0,0.0
-0.080298,-0.53246,-0.12406600000000001,0.6546730000000001,0.6639329999999999,-0.100664,0.846077,-0.006396000000000001,40.008066,-20.0,0.0
-0.022387999999999998,-0.421354,-0.062793,0.5361610000000001,0.7553430000000001,-0.042593000000000006,0.8472540000000001,-0.005051,40.319339,-15.0,0.0
0.018011,-0.28921199999999997,-0.016666,0.391559,0.8085370000000001,-0.008251,0.843046,-0.011951,40.059179,-10.0,0.0
0.045789,-0.128108,0.022387999999999998,0.23735999999999996,0.836314,0.022725000000000002,0.839513,-0.011784,40.100593,-5.0,0.0
0.052185999999999996,0.027100999999999997,0.038549999999999994,0.071208,0.8356410000000001,0.030131,0.8368180000000001,-0.012458,40.026999,0.0,0.0
-0.421523,-1.181241,-0.433643,1.269956,0.635821,-0.342909,1.3194510000000002,-0.004881,50.058824,-30.0,0.0
-0.254361,-1.006506,-0.29308100000000004,1.166429,0.8651,-0.265135,1.3165879999999999,-0.005554,50.074458,-25.0,0.0
-0.127098,-0.853988,-0.19544,1.0132379999999999,1.0373139999999998,-0.163796,1.313558,-0.008081,50.067631,-20.0,0.0
-0.032826,-0.669824,-0.09932,0.831264,1.1719840000000001,-0.06834799999999999,1.311707,-0.009091,50.070728,-15.0,0.0
0.030803999999999998,-0.45317100000000005,-0.027101999999999998,0.605349,1.2573320000000001,-0.009764,1.309856,-0.009092,50.054263,-10.0,0.0
0.07322799999999999,-0.20469900000000002,0.030805,0.365465,1.301271,0.034173999999999996,1.3123799999999999,-0.008249000000000001,50.067717,-5.0,0.0
0.084842,0.03215,0.056226,0.10437,1.3024470000000001,0.042423,1.309184,-0.009932,50.019015,0.0,0.0
-0.029123,-0.045453,-0.001009,0.04966,0.023566999999999998,-0.014478,0.051175000000000005,0.00016800000000000002,10.159734,-30.0,10.0
-0.022727,-0.039222,0.007574,0.044779,0.037032999999999996,-0.009595,0.052859,0.0018510000000000002,10.052212,-25.0,10.0
-0.017338,-0.030132000000000003,0.010604,0.038887,0.04377,-0.0032,0.054037999999999996,0.0008410000000000001,10.025147,-20.0,10.0
-0.014646000000000001,-0.023232,0.014982,0.031477,0.047979,-0.0008420000000000001,0.05302900000000001,0.001177,10.0127,-15.0,10.0
-0.012625999999999998,-0.016663,0.018348999999999997,0.022219,0.05286,0.000504,0.05302900000000001,0.001177,10.013257,-10.0,10.0
-0.012627,-0.009428,0.020536,0.012794,0.053701,0.001513,0.05286,0.0006720000000000001,10.055293,-5.0,10.0
-0.010773,0.00016800000000000002,0.020368,0.003705,0.054374,0.002018,0.05319700000000001,0.00016800000000000002,10.059688,0.0,10.0
-0.12137,-0.19039,-0.012625,0.196959,0.09140699999999999,-0.052525,0.210598,0.0006720000000000001,20.058625,-30.0,10.0
-0.096458,-0.15824100000000002,0.012962000000000001,0.181471,0.12878,-0.039222999999999994,0.209754,-0.00219,20.092722,-25.0,10.0
-0.080802,-0.12457100000000002,0.039728,0.155883,0.155884,-0.027776000000000002,0.20773100000000003,-0.003705,20.048512,-20.0,10.0
-0.06699999999999999,-0.099824,0.059928999999999996,0.125245,0.17810399999999998,-0.011782,0.20924700000000002,-0.00033600000000000004,20.020645,-15.0,10.0
-0.062287999999999996,-0.073397,0.075582,0.087371,0.191403,-0.005554,0.20874199999999998,-0.0018510000000000002,20.105432,-10.0,10.0
-0.056226,-0.038717999999999995,0.08248899999999999,0.048481,0.19981900000000002,0.001513,0.209923,-0.0008420000000000001,20.066244,-5.0,10.0
-0.052694,0.002356,0.08585,0.00825,0.202514,0.0018500000000000003,0.20874199999999998,-0.001515,20.026151,0.0,10.0
-0.277086,-0.41580000000000006,-0.028449000000000002,0.43903099999999995,0.20908000000000002,-0.13046600000000003,0.47202700000000003,-0.002189,30.040692999999997,-30.0,10.0
-0.22540900000000003,-0.35166200000000003,0.040739,0.404019,0.287525,-0.095112,0.474047,-0.0032,30.060250000000003,-25.0,10.0
-0.18433,-0.287694,0.09410199999999999,0.352166,0.354521,-0.06514600000000001,0.471183,0.00016800000000000002,30.03382,-20.0,10.0
-0.1643,-0.232646,0.14056600000000002,0.284829,0.403849,-0.035014,0.47455100000000006,0.0008400000000000001,30.057325,-15.0,10.0
-0.14713099999999998,-0.16531,0.172046,0.202176,0.436336,-0.01431,0.47202500000000003,0.001176,30.043482,-10.0,10.0
-0.136357,-0.08888399999999999,0.191573,0.109756,0.455192,-0.0015140000000000002,0.471183,-0.000673,30.075060999999998,-5.0,10.0
-0.131644,-0.0035369999999999998,0.196117,0.021882000000000002,0.458897,0.002356,0.4703419999999999,-0.002694,30.069409999999998,0.0,10.0
-0.49206000000000005,-0.744569,-0.042087,0.77958,0.373886,-0.231468,0.844393,0.002187,40.005185,-30.0,10.0
-0.395264,-0.637336,0.066999,0.7100609999999999,0.5194970000000001,-0.171873,0.842708,0.000504,40.036833,-25.0,10.0
-0.337523,-0.546265,0.160933,0.613935,0.6339699999999999,-0.121371,0.8422040000000001,-0.00033600000000000004,40.091939,-20.0,10.0
-0.304191,-0.44004000000000004,0.240392,0.495087,0.714942,-0.066833,0.841196,-0.003031,40.052289,-15.0,10.0
-0.274898,-0.31277499999999997,0.298972,0.353344,0.774024,-0.035014,0.8442230000000001,-0.0026950000000000003,40.109404,-10.0,10.0
-0.25537,-0.16548000000000002,0.332302,0.190728,0.806015,-0.009427,0.840187,-0.008755,40.053662,-5.0,10.0
-0.238537,-0.009932,0.34526599999999996,0.033162000000000004,0.816114,0.001345,0.8369859999999999,-0.0074069999999999995,40.026409,0.0,10.0
-0.7905260000000001,-1.233765,-0.071208,1.206664,0.575723,-0.379776,1.316252,-0.003705,50.062506,-30.0,10.0
-0.5878439999999999,-1.090508,0.071881,1.104142,0.807529,-0.28045400000000004,1.309688,-0.010772,50.067545,-25.0,10.0
-0.524716,-0.9189679999999999,0.230795,0.947753,0.9718289999999999,-0.19409400000000002,1.2999230000000002,-0.014141999999999998,50.027651,-20.0,10.0
-0.49306700000000003,-0.717299,0.363612,0.7619070000000001,1.1107099999999999,-0.10335800000000002,1.3044689999999999,-0.01431,50.068334,-15.0,10.0
-0.444924,-0.49121499999999996,0.453507,0.537507,1.2031269999999998,-0.052188,1.301439,-0.013974,50.035,-10.0,10.0
-0.399976,-0.261263,0.512765,0.304192,1.259521,-0.00707,1.308001,-0.009260000000000001,50.082561,-5.0,10.0
-0.372705,-0.016665,0.5314490000000001,0.047473,1.273327,0.006902,1.300932,-0.010606,50.025459,0.0,10.0
-0.049493,-0.053701,0.010268000000000001,0.043433,0.011614,-0.014478,0.051344999999999995,-0.0032,10.04341,-30.0,20.0
-0.043938,-0.046632,0.017844,0.039729,0.017844,-0.013805999999999999,0.049997,-0.001346,10.054245,-25.0,20.0
-0.038884999999999996,-0.038211,0.025922,0.033669,0.029796,-0.010605,0.049492,-0.000337,9.982751,-20.0,20.0
-0.035854,-0.0303,0.032151,0.026932,0.034340999999999997,-0.007744000000000001,0.049156,0.001345,10.028295,-15.0,20.0
-0.033838,-0.022727,0.036697999999999995,0.018014,0.038383,-0.0058909999999999995,0.048484000000000006,0.0,10.045362,-10.0,20.0
-0.030637000000000005,-0.013804,0.038212,0.009259,0.039727,-0.006227,0.049996,-0.00016900000000000002,10.078696,-5.0,20.0
-0.028450999999999997,-0.004714,0.0404,0.0018500000000000003,0.03956,-0.005722,0.051175000000000005,0.001176,10.088072,0.0,20.0
-0.187194,-0.213457,0.044106,0.171035,0.061443000000000005,-0.06598899999999999,0.214803,0.002357,20.08047,-30.0,20.0
-0.163795,-0.178776,0.082657,0.1574,0.099152,-0.05067000000000001,0.218337,0.004714,20.071782,-25.0,20.0
-0.143932,-0.146794,0.111779,0.132989,0.13097,-0.040401,0.21665600000000002,0.007743999999999999,19.999534,-20.0,20.0
-0.128781,-0.118341,0.131644,0.10083400000000001,0.154534,-0.03451,0.214635,0.005386,20.051311,-15.0,20.0
-0.119183,-0.08652800000000001,0.14898,0.06582,0.168677,-0.028619,0.214466,0.004378,20.05885,-10.0,20.0
-0.114469,-0.05488,0.158408,0.030468000000000002,0.17743199999999998,-0.023737,0.214634,0.005722,20.089805,-5.0,20.0
-0.11346,-0.018855999999999998,0.161945,-0.008755,0.18096600000000002,-0.020368999999999998,0.213289,0.006227,20.037342,0.0,20.0
-0.41276999999999997,-0.474552,0.096123,0.380282,0.147803,-0.14915099999999998,0.479265,0.009596,30.021384,-30.0,20.0
-0.36529599999999995,-0.41074900000000003,0.175411,0.341225,0.223556,-0.12036100000000001,0.47943299999999994,0.006732,30.039513,-25.0,20.0
-0.326411,-0.342068,0.236519,0.28096,0.279948,-0.0973,0.476065,0.0033689999999999996,30.046310999999996,-20.0,20.0
-0.294932,-0.273551,0.290053,0.211942,0.329611,-0.079288,0.47724399999999995,0.001345,30.066666000000005,-15.0,20.0
-0.281631,-0.206218,0.325571,0.136526,0.364961,-0.064306,0.475728,0.0025250000000000003,30.074063000000002,-10.0,20.0
-0.27776100000000004,-0.13198100000000001,0.348124,0.054542,0.38566700000000004,-0.052694,0.475392,0.002357,30.076883,-5.0,20.0
-0.272878,-0.047812,0.354355,-0.035518,0.391896,-0.048147,0.4747199999999999,0.002187,30.055411,0.0,20.0
-0.739518,-0.846246,0.163965,0.667302,0.253016,-0.26951,0.8501160000000001,0.0018500000000000003,40.052925,-30.0,20.0
-0.6605679999999999,-0.726222,0.299984,0.590369,0.384659,-0.22322199999999998,0.8452360000000001,0.0,40.044166,-25.0,20.0
-0.5843079999999999,-0.6033299999999999,0.412938,0.491047,0.494414,-0.182816,0.842036,-0.004714,40.031502,-20.0,20.0
-0.541383,-0.491386,0.499802,0.36664299999999994,0.5817829999999999,-0.150835,0.8422050000000001,-0.005219,40.070857,-15.0,20.0
-0.521011,-0.37556700000000004,0.569156,0.233488,0.6449109999999999,-0.11750000000000001,0.8410270000000001,-0.003705,40.053237,-10.0,20.0
-0.511416,-0.244261,0.608381,0.082151,0.680598,-0.094606,0.840691,-0.0033680000000000003,40.050216,-5.0,20.0
-0.504348,-0.09410199999999999,0.622858,-0.07878399999999999,0.69356,-0.08315999999999998,0.8423719999999999,-0.004378,40.067077,0.0,20.0
-1.214912,-1.404461,0.26227300000000003,1.027216,0.388868,-0.39492700000000003,1.319957,0.004042,50.000056,-30.0,20.0
-1.108857,-1.215248,0.47539299999999995,0.9120659999999999,0.597944,-0.337692,1.317597,0.002863,50.070654,-25.0,20.0
-0.981929,-1.026708,0.6420509999999999,0.7608980000000001,0.771503,-0.288536,1.315747,0.001345,50.061641,-20.0,20.0
-0.907017,-0.814599,0.783116,0.570334,0.903651,-0.229786,1.315244,-0.001683,50.048119,-15.0,20.0
-0.881598,-0.590873,0.8839560000000001,0.345771,0.9964029999999999,-0.18248,1.309351,-0.0033680000000000003,50.006615,-10.0,20.0
-0.845908,-0.39256900000000006,0.9406839999999999,0.10925100000000001,1.049432,-0.157063,1.306152,-0.013804,50.036102,-5.0,20.0
-0.8085370000000001,-0.155883,0.9620660000000001,-0.12777100000000002,1.0736729999999999,-0.134673,1.3069929999999998,-0.013974,50.038935,0.0,20.0
